"","Actual_Train","Predict_Lasso","Predict_Manual","Predict_SWbase","Predict_SWfull","Predict_RandForest"
"1",208500,206599.11477265,218822.962042906,208607.687520734,209751.218049841,207914.15665723
"2",181500,201607.232321051,210146.188704433,208639.003357221,196994.699132232,177732.555813376
"3",223500,211350.615931516,230315.017215963,218068.607118343,214810.434790441,221126.757245132
"4",140000,172414.442726788,197137.984456541,173876.870043754,157581.596786388,158771.204719159
"5",250000,302730.771043028,320088.764494046,305406.589035537,291372.405222812,268543.396564801
"6",143000,154432.375495391,182127.536863113,149428.652414518,163541.682692491,144689.983064569
"7",200000,210681.881951746,216193.20520243,233524.79154569,224703.830818871,207270.821578749
"8",129900,134274.820674239,162558.526624232,145717.050744197,104757.013873053,138413.082191406
"9",118000,125778.895357633,104856.957954788,137783.395125757,135221.503036211,122156.232809368
"10",129500,124816.779763741,129118.085514814,122462.42795945,128291.026642053,130988.102314887
"11",144000,138799.526270982,118357.342618985,134960.289236079,132555.587144034,137016.504837437
"12",132000,137652.883744271,113667.95941232,148813.120157856,128494.963449655,133998.352533788
"13",149000,168355.738665659,137107.068243921,162934.210275477,157822.659017753,147838.192017518
"14",90000,111070.769581595,117771.148082891,111793.06976804,109636.405630941,98415.7060800156
"15",159000,153762.947135695,172376.279527775,150133.225549701,157816.667390162,155461.34663073
"16",139000,131300.16388407,142692.257913346,115761.071675045,111434.613219266,136333.28064013
"17",139400,108735.298653903,100243.423829043,128750.917373117,125103.898176396,135732.141406658
"18",129900,140623.766252822,116108.02493538,126709.346270892,121140.210091234,134249.848723929
"19",154000,159180.280438169,125162.201276734,157325.312791057,145896.468028665,148220.400978094
"20",256300,251507.561588733,313039.555544815,268931.793371991,261790.750226271,259919.750853649
"21",134800,136894.290029312,120693.448336255,131963.867344075,126775.41238047,130464.677173452
"22",207500,209230.752474157,162426.655530007,165753.698823985,174480.274361438,186244.320463339
"23",68500,73453.4386063944,74351.2767059787,82489.6733016643,73517.9392811999,73458.6686433211
"24",149350,140364.032713914,136228.011336942,127661.797193882,126875.53922617,145500.304616295
"25",179900,228891.2604315,185738.191113878,192906.927058633,187832.558259435,190813.23029846
"26",165500,182646.550295116,177107.36128279,147927.912991811,173606.852639223,166445.291833387
"27",309000,342046.84621265,365393.321121603,334516.119798601,303571.146933449,311850.515933851
"28",145000,135672.955285593,172338.647652586,141241.554291338,138763.924256097,144674.16404616
"29",109000,126222.467446486,118434.922565362,121525.223184955,124430.018722695,117719.472470483
"30",82000,78095.4000706442,70849.421137192,85237.4958525454,86041.6192670053,88037.0646022203
"31",160000,155875.594800671,158380.015194146,138563.14817819,144144.717216238,156680.785506512
"32",170000,177892.059069737,175074.985165209,145654.093944082,170089.855658899,165956.672006549
"33",144000,145201.017558221,139762.752994021,151732.622315198,146834.623953907,140921.387137091
"34",130250,143739.802891385,132870.764212476,136041.821101582,133409.095253202,128911.130693985
"35",141000,150018.417175109,129705.984788392,132388.924620947,136956.963854645,139848.763291016
"36",239686,262540.085702059,253697.383272718,228766.108033245,257163.062702345,237673.047260563
"37",249700,249390.907326703,248132.11774426,244972.920707269,254241.780762088,246249.414426979
"38",113000,87683.8336667958,94471.3679084726,102849.79813478,108347.08999813,111327.66389156
"39",127000,138277.419528137,121379.049294171,133712.707368514,129750.371639509,127951.496474208
"40",110000,89985.0163972862,74007.9984596991,93449.8761200404,112630.776682068,109270.563606246
"41",385000,308914.880752858,268322.04676571,303736.882001615,378007.170783685,348498.179296213
"42",180500,176966.854168988,169177.274022394,157298.522168561,166421.955019255,173139.272694871
"43",196500,186582.978213721,223287.086094474,192926.953783901,192039.139370521,198703.403657219
"44",438780,489255.761799222,412323.540370343,475946.812813174,476229.048804966,392643.856323454
"45",124900,115806.694478218,123404.054790918,129364.490898338,119082.629174696,124171.00089043
"46",158000,170907.060087818,177873.0948139,169254.170227513,182682.93779069,157837.523223668
"47",101000,92450.2977671746,93904.4694167384,94124.3756839331,114836.297004535,100102.270223399
"48",219500,231993.725065821,243069.141576916,237326.891586763,232691.107185089,223646.973444505
"49",317000,332843.988747859,369175.352286656,328163.876484583,301416.321977704,314313.492182864
"50",180000,227233.680298039,231080.374811912,236020.190801915,221052.342092833,196487.994001122
"51",225000,235383.746345294,252198.621456711,211183.048045996,223640.327898746,227669.942417268
"52",129500,117890.012258518,133034.562036656,129305.168315036,127384.708313326,126440.868905088
"53",144900,135797.880294618,130288.397960396,142942.37912087,145206.921151315,144520.932098785
"54",107400,89852.267209928,134881.655174655,91573.0944068264,98295.5413771696,112606.238779677
"55",91000,114448.277188262,75085.0336562089,84419.3224034821,91367.546708447,91999.7148779159
"56",135750,113996.693625177,116716.592616897,114634.223758183,113007.88781521,127870.743914681
"57",127000,116987.826029544,140898.422953711,125376.108734875,121402.81840182,123907.607765461
"58",136500,113941.43319941,124996.100944526,108748.90433302,144513.827206376,131475.960420544
"59",110000,115757.773334761,108082.595572794,106001.35533747,105755.442993208,110988.294291608
"60",193500,194536.140612207,219553.137170151,195819.424719989,208297.680066068,190257.082659669
"61",153500,165757.319742787,154354.519901568,163771.835646492,172062.468109508,158461.584519993
"62",245000,237866.119057936,241065.521403119,252397.43176201,244797.935338173,240409.486355148
"63",126500,123888.276249014,131556.544609503,123149.056809713,117558.16481964,129933.482875154
"64",168500,178190.901050686,176504.12915398,177345.898220029,159138.350766682,169800.054690709
"65",260000,278829.233018268,312753.913927196,267242.312642609,263744.139169792,259238.827434637
"66",164500,168378.565519273,180162.25349962,166016.881664875,161284.729564473,163924.145210217
"67",85000,54841.6340008569,107785.860982221,57352.8935703342,65093.7685133185,89181.3799083239
"68",163500,159548.997823341,140490.835149647,144786.088837975,153444.511217036,151421.57461116
"69",133900,183591.903389146,170612.664281083,155124.23806368,147307.659844129,144099.726535097
"70",185000,200176.179337279,177994.012426108,198833.778348061,181867.935494172,181080.904588837
"71",128950,131035.777868048,121391.62026253,114141.219565208,111689.402408219,125608.599102653
"72",205000,207285.773131048,185583.579384188,214499.199519865,209040.536880368,202129.240085425
"73",178000,179192.36114877,203182.062521434,177440.724964275,168232.369635717,180906.771072987
"74",198900,177927.083350259,200602.023016517,191430.498633586,186185.594276498,198641.02150152
"75",169500,162393.095591909,149270.15342061,144590.866971679,160633.889195021,164001.833672282
"76",250000,275679.004512259,258149.72301544,248820.439970777,248411.888776026,253784.736323105
"77",100000,94570.9162028664,67285.6279073721,88401.8366611841,95156.8854359712,97570.1761392998
"78",115000,97967.0763811534,93078.1258176343,100095.03383517,99382.5560132193,109648.203787927
"79",136900,144911.354230394,175514.255513768,139082.328186458,142207.103986797,137288.629081305
"80",180000,196073.827564483,176719.983050813,179222.086025121,162479.76485648,176477.461533779
"81",383970,367163.123173559,301175.358494257,327505.268326381,354939.342351874,349027.808057747
"82",217000,221533.964719381,259831.652608632,222154.606610538,208871.595276593,213696.368944862
"83",259500,254243.31226984,241829.384226566,249955.808234622,252249.520704963,228411.086422386
"84",176000,188731.51673737,184200.462026469,171242.879552234,175853.014585303,173434.621136755
"85",139000,132481.844058676,124198.398749222,119170.991773117,130134.300264725,138681.263267069
"86",155000,146844.280996619,161785.289421202,139508.564221473,148713.344284536,148405.35501199
"87",320000,311680.761941188,318333.635323157,352931.405234063,343296.494812609,305656.742388419
"88",180000,163866.791604193,163040.50329561,168329.801571233,172732.279144254,171928.565683242
"89",136000,137604.059681948,125537.614399004,143956.270086331,140538.242027438,138359.013863296
"90",153900,149640.738884754,145224.97751491,144250.663325156,152928.975123226,160740.172805511
"91",181000,179484.798487158,180871.712125001,175808.105154141,171313.808269894,179925.358078772
"92",128000,127174.84000398,134922.694980834,135087.336193423,131865.186454989,135336.785804526
"93",155000,140556.099792907,156242.62219234,146409.749419712,146474.380168842,154212.748590825
"94",226000,224159.87505745,218258.947831146,213332.809459776,227605.233403784,218114.643070895
"95",244000,217274.52885235,222336.217183805,207812.013536831,220543.137921763,228507.004639799
"96",150750,153454.34278302,155489.24738069,145428.909554854,143876.371123326,147026.889621958
"97",174000,196058.164573336,186110.387932163,190697.895664497,178784.311602167,177810.606826431
"98",143000,141490.366695822,148257.612484824,133669.755745868,143224.053147012,147478.437881392
"99",230000,242931.844389517,233956.061477258,250187.237609323,253844.541035844,238514.328542606
"100",231500,197256.471657429,217298.603475222,201048.267643329,211134.04123333,216338.416252288
"101",115000,94598.1631152392,105297.912322797,101180.405407436,105283.838682683,110362.169037005
"102",260000,228698.465848779,229400.527262,224505.863203661,248942.499261732,251336.150860983
"103",204000,226269.826049259,206452.372018743,206847.363578242,208136.351019989,208186.72759349
"104",125000,127350.608549053,137354.329490693,140065.526507278,135059.250750592,131089.008023526
"105",130000,118909.207253609,147613.765543923,143552.149479947,142188.783100227,137074.439813092
"106",141000,163143.517832649,143268.65849273,150270.253134622,141946.938012633,143692.627952316
"107",115000,105569.094517734,134691.566702952,111827.537672253,108613.443238335,113437.32680123
"108",122000,145864.709780443,141255.031981973,130025.590348149,136579.772013421,128476.389043081
"109",372402,343511.741480765,322301.797335856,308131.288166572,321683.504294005,354148.037512406
"110",190000,193293.387627448,205904.665740105,174785.852428353,187193.383989017,192629.344075754
"111",235000,223132.395785874,177406.346064394,204654.376235178,205953.998995626,208851.391993534
"112",125000,99255.2897247169,104470.269995353,108410.435218063,108699.648531675,121118.352466489
"113",79000,91054.5751205228,82963.4133620818,88304.8183348103,79481.7044375647,79818.9997829224
"114",109500,131430.461414287,132601.05841993,125006.42752618,107457.426864223,107342.189146524
"115",269500,295224.654294382,272620.801501361,264131.792422931,256255.098337088,276922.46572379
"116",254900,224555.078115885,259152.764683687,221809.684143181,240530.223750629,245999.922662539
"117",162500,181899.125638761,216060.624922259,179199.334592957,168057.293808409,164553.12688783
"118",152000,166416.082475742,142533.410054165,141396.768827213,142587.786375763,143749.459119279
"119",190000,203781.488243606,200559.876365349,205994.630357776,194062.278269712,188787.000482113
"120",325624,336538.458720505,342351.117793353,329182.375134651,349400.895924942,328345.041904125
"121",183500,190670.416310404,202753.397497951,197420.277979703,190661.835838065,191007.294446748
"122",128500,124707.726497701,146452.47420844,122071.21883201,128350.881078137,126012.81621534
"123",215000,224932.927058763,176043.732250113,165464.143007451,192374.80086671,195863.484016469
"124",239000,237359.957398094,280747.886643599,267183.188147706,241196.996859517,219998.585825393
"125",163000,156176.892269604,156166.419760645,156843.367873887,154064.010500531,159972.889192972
"126",184000,177026.315945409,232566.365405687,217363.927705954,213020.359793022,190571.47771421
"127",243000,211196.256066639,206706.703828306,199357.563044118,199431.136525074,218516.622312209
"128",172500,188354.938170644,190802.397007602,169444.860517432,161494.791285695,172848.541766222
"129",501837,430027.206506865,382494.054002535,398218.925652074,480749.016392078,453943.759950548
"130",177000,170571.809598729,166664.067521369,154534.838617728,179404.88359972,174632.613528711
"131",200100,168405.400485949,182713.453674431,172713.809960497,168907.61726905,189227.521423107
"132",120000,134544.028612154,130990.427413177,119735.882132197,123902.300656947,121299.62316288
"133",200000,178026.448765719,240431.580952356,201777.394258228,186748.843759451,193093.15313823
"134",475000,388207.662714253,279146.201409182,399486.707201256,456143.081227994,395528.343774554
"135",135000,140915.490838551,130151.752242753,123955.528325362,128401.433469681,130326.152169686
"136",153337,119734.946631627,115067.979038862,142727.393027201,146124.098595917,152468.726980256
"137",184000,186257.085701683,169257.684222725,205545.793020145,196920.591865821,174873.476773038
"138",130000,127725.971682725,147613.765543923,153868.321146334,147238.245572773,138975.002269005
"139",127000,131823.293634114,127359.134261028,129399.635457506,120375.510547766,125990.579173993
"140",148500,138987.61003805,144024.160879048,148453.89783381,153027.58814937,148618.269903143
"141",311872,340190.749997198,249899.373554652,304141.565478716,296294.075708886,300044.744838166
"142",104000,138999.977700414,156177.354764067,110812.215948945,117844.076210298,109370.25838391
"143",274900,337662.440838614,317734.88122031,323366.458314169,299148.40328962,292265.253126209
"144",140000,122194.72293037,165075.595339357,132068.808990981,131063.299349388,142135.940207044
"145",171500,183251.173491571,167542.694186376,177872.679077874,175203.984482369,166429.042724212
"146",110000,126850.096578167,128475.633722751,118384.853342286,117824.883235279,109101.143533496
"147",180500,182836.158625364,179789.193709503,173404.272441549,177835.924609095,180176.159166001
"148",143900,144177.079209216,167120.766305152,138935.901936268,142987.000579639,146195.355336837
"149",141000,121701.767128892,127260.930307479,124616.456458461,128000.657669186,139076.42393846
"150",277000,254504.237764216,228613.338153388,237192.107812177,244332.568122007,258940.56911393
"151",145000,152303.445433364,138307.794890785,158645.919328388,158116.236467198,147233.34756949
"152",98000,83183.4672224789,66524.8426602636,89635.9509364899,77581.7948227676,96973.9901057997
"153",186000,166025.587104628,174629.012174401,157060.785916033,163888.13740197,172927.383088363
"154",252678,241029.894138217,256280.396194831,252315.44548934,254505.529870197,240489.675303428
"155",107000,76429.5828376559,108350.536778372,81941.6000666422,85243.8421057433,106366.908374177
"156",311500,261864.505849183,219279.772772966,239128.283432704,260591.64058225,263206.963618444
"157",167240,189441.812497232,181975.314800621,176047.698120907,173011.628040767,172564.125379887
"158",200000,214814.358718969,237203.011425648,207251.209455398,217053.198852363,205250.09016435
"159",179900,166862.316818834,177790.64958825,182123.762394628,173915.128189727,179089.291820846
"160",97000,95883.6713764123,134142.600276886,109402.185912743,113750.636452456,105689.05800371
"161",386250,417209.148880677,370105.145578414,393937.05529507,436762.306782033,404119.701433057
"162",112000,88814.1427583152,112164.2174917,90889.6800873342,95723.9333706745,108331.728368102
"163",290000,300790.905645636,335091.0872789,257806.560949335,266104.320430284,288602.840993574
"164",106000,86556.7279147657,85255.5427026322,98908.9957859431,99175.9818514869,100708.380670884
"165",125000,94123.6281552792,118835.754388759,114904.664993228,120820.704299405,127428.71507026
"166",148000,131314.312488791,133509.176975232,143307.94901707,136829.195197083,144930.230089898
"167",94500,86190.8245887609,87010.9220332701,97334.907580939,97067.178075049,95876.1155850229
"168",128200,134084.543320682,130314.663933878,137736.139174757,135002.477761914,127228.41271229
"169",89500,83712.3548230459,108386.585971069,93025.2034467533,88940.8093398829,92551.9556683726
"170",318000,301860.788027389,316656.170570123,286850.120398156,272538.947564322,307313.120209691
"171",113000,130616.590797075,132051.866299309,119950.741566235,118751.469594033,118181.941088041
"172",110500,121876.897606746,87388.9719977004,113550.013293711,105260.092636211,107328.851854131
"173",79000,85085.5493001339,110348.573832849,81266.4494145635,73966.8760106367,89697.0612507325
"174",120000,102312.669958109,118920.264375574,128092.47060763,139094.192816679,125405.60558282
"175",205000,233581.371684336,234483.581009741,231424.999980349,226863.539937525,216466.538948894
"176",241500,217586.498409898,218279.035211089,206352.218174595,238884.23864811,235143.566542452
"177",137000,154690.93866819,140760.112991713,136622.836197791,129288.480196239,130720.854373704
"178",140000,153590.321591502,152075.89461913,145263.511843395,144726.050953364,142009.920097047
"179",180000,187570.816127641,213505.145618482,195725.293338819,187403.159799116,187036.748756871
"180",76500,86439.4031675858,125823.14879862,82877.9656606514,77072.6599872716,84840.8832166629
"181",235000,259722.199896303,227170.875902031,268084.617702316,287334.270794803,248083.988177172
"182",158000,156833.204783319,147765.794047536,161226.099951588,151891.303425739,158324.070195656
"183",145000,132515.673551085,142400.922638581,141824.732201218,147562.018315724,144103.288731807
"184",230000,233569.635946472,238697.111995117,223595.91214595,227640.712207045,227106.326756614
"185",207500,203293.459944742,244305.025017177,199433.080136618,203635.545340781,203785.319906879
"186",220000,216656.253987257,218246.208730387,203690.35774809,217856.05776215,226170.57446319
"187",231500,214249.734957227,226478.635982918,203261.875643875,214356.39039863,223993.772588828
"188",151000,158174.728821545,152874.135435581,169878.970246494,151620.75591178,149112.602828191
"189",130000,130893.510161306,127383.855567839,131337.895986566,141647.756994818,127902.346907781
"190",185000,188097.395637523,178974.84675075,183096.832737866,184826.901534326,185609.893216171
"191",179500,188916.88359737,183302.833541074,181745.32641873,189303.111460141,172987.515051616
"192",148000,146526.688839901,141278.76225544,158599.658551415,154901.186142353,146979.073148722
"193",241500,202006.462278935,173425.343275837,216318.155465401,226523.169902744,218944.223635517
"194",139000,146012.871324062,171562.838547072,177042.10023173,167210.177648084,145909.116412115
"195",205000,204271.993117592,171778.714490628,164301.459339028,189933.594713333,190476.571280935
"196",201000,203580.389001981,208680.060606584,186382.458632561,193835.654727069,206988.306482083
"197",415298,407447.834045108,341275.311614557,371033.186347629,387536.123898537,391223.287397966
"198",228500,236390.427256313,228986.101398801,209015.178683322,211664.553910493,225466.665185327
"199",185000,207426.110057014,211804.935912274,189203.059520122,203335.307225718,184090.039061304
"200",244600,220962.088018744,241207.971058727,258359.07412789,246432.991857757,243427.852587374
"201",179200,201563.146504927,172250.754537127,170914.405635208,181846.03525059,184175.764804421
"202",164700,171284.147356171,177755.477526738,178352.414242434,167272.473960915,165902.195391133
"203",159000,163462.435709422,179126.033032762,181850.064378932,194513.450231746,162576.153460983
"204",88000,94423.9888376912,104854.854756099,92832.5640928977,96674.6964404856,95953.042073194
"205",153575,139293.465681899,130627.879899267,145185.088988776,144904.659194407,144199.215155361
"206",233230,242574.660583565,242661.112991192,229898.469088115,252896.381239066,239021.113470273
"207",135900,122115.410886674,101036.28470462,120133.336742441,126314.66659506,133406.440217572
"208",131000,127847.667489391,152302.816575681,126126.719581535,135263.140818483,135322.039832819
"209",167000,182930.521812759,165227.416469528,171102.815620644,179613.938876241,163669.57926202
"210",142500,154744.605915304,152120.232710051,161905.037395473,148663.603240564,143565.338938936
"211",152000,134031.622145356,147424.862769315,117469.094143562,137983.344296646,142723.397170922
"212",175000,176926.896230545,184441.516505296,164213.754885756,170781.139185353,175543.810410825
"213",158500,165544.695993493,166127.109872848,172428.942862642,172493.769647715,155236.162383804
"214",157000,157921.55785804,172427.215931371,158473.6956789,162211.426846105,158271.425680616
"215",267000,228859.242330462,274135.408124316,258503.020231095,275770.331789374,267589.457165175
"216",295000,312848.722738993,273422.00398334,283561.639018537,293681.704902579,285505.277434622
"217",305900,263577.035914131,256629.994968065,275477.74009191,314465.463254453,303893.313558906
"218",89500,121999.770562777,102389.652367539,109921.191604535,109724.615740258,96058.5624144101
"219",82500,111052.003080409,103834.344615351,99662.0439271845,101000.682977276,95383.1858434058
"220",360000,382218.270472565,325017.94103661,370393.422742255,350755.432247114,354134.271893898
"221",165600,167295.647743365,180283.143187384,170158.074907906,169256.375049829,171708.087012391
"222",132000,136359.578537993,108416.27930232,137595.842267851,128114.346761502,131945.605168003
"223",178000,183745.309983165,151473.72030456,151707.24766204,152785.33320177,167995.844742632
"224",188500,184547.528238027,183364.958517169,195435.073166422,180030.260270109,184808.444422576
"225",260000,274700.010789581,233721.635625378,249817.259952968,250513.549661265,245887.802676448
"226",270000,248511.42315588,277447.679191563,268515.144066433,259033.863544929,258587.751622366
"227",260000,338286.812300582,340007.925868109,315643.475308749,311254.195194217,278358.275626795
"228",187500,191059.317802456,182459.151261149,201001.814582628,191101.668357499,190858.084762201
"229",342643,360432.286518393,384292.796584515,381115.871578462,352990.874590097,329821.808751909
"230",354000,350419.319476527,367481.916791377,343611.309976596,335094.370587142,343333.379326724
"231",301000,283791.676584771,279940.094565673,262295.144511974,294749.283017452,280345.505004815
"232",126175,118701.110027535,121913.315740883,120640.29980919,125122.598512288,125487.378384781
"233",242000,258873.947351984,276389.297282038,259220.959774105,272738.766486219,233090.737987989
"234",87000,102939.989060334,91285.9537305302,96065.0530952898,90241.8709272102,91657.0682892078
"235",145250,146782.593544865,144987.246799117,133756.228643097,149275.029035007,147236.831635754
"236",119000,113997.219270038,133778.233913963,132747.683392528,136457.169825729,127338.470294923
"237",139000,125796.610472415,122441.163275847,128687.219599815,136966.896239501,138007.751344788
"238",284000,253464.314431055,311947.293471441,322258.79744293,353329.372445263,284371.045178003
"239",192000,217590.250741678,194017.955128282,198068.531748951,194270.846592933,190775.64796034
"240",228950,229236.340591092,208888.321067405,243343.29174591,215426.932337881,210062.491922867
"241",377426,376828.77203867,336997.933987306,351536.338163661,375591.345989435,360933.605953577
"242",214000,213523.42687675,206790.226042616,213039.738891416,215065.776097212,217696.314593914
"243",202900,209344.124053351,249593.934752741,231636.539192971,222001.86859128,212246.664863309
"244",82000,77875.6848434668,106269.802739,96575.1774725658,88436.8426734495,87196.9893802658
"245",87500,54390.4500220266,83786.7907535475,81175.3389571277,78281.3393545088,91175.7800327703
"246",266000,314037.00950624,273919.338539391,271937.427364879,268662.571740747,273987.851179854
"247",85000,72815.6430466815,113545.943941225,86792.831014068,85971.5256827051,90221.8133599929
"248",151500,152083.222504844,118515.032941932,140519.660890837,147202.14426553,145401.564772274
"249",154000,198305.103519716,240917.837196955,199158.918207317,199899.953247259,164797.667329058
"250",318061,312203.051901287,291413.547126339,287400.881954213,309869.841598126,303852.022644067
"251",190000,196510.999525224,200276.165398282,203037.609964019,202782.099904684,194732.346136937
"252",95000,97607.3011197566,105086.91859747,98000.6609460866,94023.0894584946,95048.6437194073
"253",105900,113387.692465659,84928.2085289317,120502.442301135,110524.132134828,108300.888234986
"254",140000,136089.968394939,139204.156668561,140607.239619276,152284.182125618,141830.102331034
"255",177500,165150.134416414,178867.880880147,169651.743559067,178227.857588666,173896.604612091
"256",130000,136154.632045648,166164.831446823,117991.65390884,117037.863967181,135234.112295
"257",280000,313611.651559679,291698.509711968,313008.902761822,283848.304348773,267592.607274794
"258",156000,160416.769007512,138041.638399207,166635.348829301,151729.479026712,150433.308398772
"259",198500,218312.389715546,235643.88306823,196110.285781729,177909.733388031,197514.364271641
"260",132000,136944.148181043,130120.965383382,129740.221958762,141180.136010011,136690.483068566
"261",162000,163433.90378406,150319.116811832,176789.588900923,163777.6195797,158788.472118771
"262",172400,174477.60532586,196769.744973974,180329.054828754,178901.319325531,174775.573823311
"263",134432,98852.2642187888,205340.624844229,138617.95266637,143215.64587558,144092.877934956
"264",125000,104161.668127818,90742.5033304409,127508.483066252,123420.166154021,124727.740445491
"265",123000,123316.878904518,138889.976373298,130809.756733247,131157.441268338,125611.498615908
"266",219500,210513.378713972,229656.738337974,213594.689710117,207866.72134857,213219.860807825
"267",148000,149247.935100234,158026.268504596,133992.291434552,131545.795540059,144668.957102872
"268",340000,257601.744246398,299540.215595475,296747.466645775,310263.589304438,306298.684879583
"269",179000,170194.038065331,206950.908993569,187326.409951321,187340.432230044,181201.464632327
"270",187750,211763.316269565,214684.810095814,231487.786367864,202740.058753381,189757.011549093
"271",213500,204857.605370995,231528.212904851,202920.793306914,196558.737196814,214887.975102061
"272",76000,70619.3911569048,87614.8499309378,91723.8854963674,81619.499090007,85194.4972377513
"273",240000,245436.205350827,242401.087319628,247918.901120429,252996.152371758,233054.267125447
"274",192000,186216.503163851,180215.899033616,200417.651938374,187367.374575104,190378.851744579
"275",81000,58934.1975943637,73016.5720019788,87365.2021363649,85479.4453609454,86229.1294112845
"276",191000,187009.992428592,204827.827607516,189939.114200065,188791.69952782,194353.903796299
"277",426000,404485.808624755,360565.413418622,415988.53068678,437666.84570095,398987.59176331
"278",119000,120073.573848117,99578.976471656,125258.329578866,129657.173001159,119281.421254666
"279",106500,106661.952159488,111886.754924003,115036.943756356,105161.614679147,108120.348032006
"280",100000,91092.4505317805,92760.9536781777,86849.4464718833,93829.2076738159,98984.9376267957
"281",123000,142370.960308816,138778.165161449,128486.48565408,128142.478979612,126476.061027823
"282",67000,78335.314375859,93702.5738903791,74420.4469523438,63014.3154141129,78727.1000958014
"283",241000,215292.164123918,222388.758617512,218859.955534716,222382.830851036,224284.99141073
"284",245500,240781.227831175,195933.818472624,224185.214910148,232851.417106216,227773.768757182
"285",164990,217999.037877782,188333.27945066,198556.314685704,197879.796613146,172065.722382822
"286",108000,120363.939508975,80217.6605852619,117021.477324909,105389.716743308,108609.972246251
"287",168000,173981.061116711,182494.003506859,170995.800393369,170944.962217487,171085.493328808
"288",150000,149155.919823745,182924.148396361,151573.910685497,143537.087666803,154179.558376938
"289",339750,331112.082884048,278200.848152564,295154.653532677,308922.685649879,318162.569168145
"290",60000,75289.7600616757,135978.098982056,94121.0209959807,88384.2039031181,82210.4448013329
"291",115000,96288.5674925046,101253.106976966,112780.884609147,112514.512072514,114102.519625731
"292",228000,263702.881311319,240510.593219576,231900.183843389,228381.024689402,236464.382376314
"293",181134,210863.54741051,176988.064699547,188602.257008174,188894.747808813,179749.65573631
"294",149500,166493.178810596,165048.479823662,163839.958813157,160062.115702158,151146.273487714
"295",239000,229178.165718702,274903.108894672,223432.371227582,255035.551027848,231043.276087902
"296",126000,115479.259502059,103443.875679898,112382.903434038,113788.70262605,117034.644811102
"297",142000,130401.422631891,129186.347592962,136799.13401929,134136.663911107,140262.016456144
"298",206300,190992.624570681,155380.309601835,209957.055871653,179170.579665345,199289.809995273
"299",315000,319904.921361839,346386.119421149,333285.133054016,342328.801258505,316316.402524583
"300",139000,132887.089510967,130885.267993745,139398.102914197,138966.749148524,140535.422610349
"301",135000,141836.027557037,133288.426132448,153995.829300228,143545.395208857,135377.010795779
"302",275000,243399.897800737,208245.593053265,245857.483761063,248514.265242007,258555.941384736
"303",175000,173229.542226741,216704.598002301,188519.59518606,184281.138031649,179160.908357042
"304",79900,72295.8062415023,87836.9310342361,98972.2098205467,95938.2368347799,91640.3200673638
"305",181000,165244.010189829,190721.956479069,170523.861403128,176738.969429535,179149.292385944
"306",81000,83913.5640140068,38737.6716248475,81782.8912676107,80423.2270022515,83309.2316904187
"307",212000,234526.831541569,214941.542262601,227579.581363475,210775.152583672,206621.607399665
"308",90350,120189.064539752,113563.040331797,103441.106110004,99420.2403945957,102635.136542692
"309",110000,131576.480816585,107460.847070506,133165.135929742,131142.830287509,114757.538223911
"310",118000,91247.0949275142,87620.7314113822,86193.7133887281,112889.919589798,120891.987282643
"311",172500,214240.285687498,190855.815035356,194396.125594396,192825.161056404,183964.272708831
"312",210000,214817.821106473,224667.324429146,223097.485475943,208844.865227304,212094.920829777
"313",127500,165633.119083127,166596.584588907,149067.011990678,155809.858833888,137328.607028815
"314",190000,187925.50102923,207092.603698077,179992.551854834,190775.023291604,194500.317880431
"315",199900,203036.25404107,203694.635332502,201039.30067371,202692.685056776,204730.930252464
"316",119500,127160.942638627,124053.039285496,131984.263734235,131895.265189693,122019.348429302
"317",110000,114302.32245914,83300.0679022971,114799.281377999,108452.859024126,108396.914211144
"318",280000,256910.956699749,212060.304287228,232876.650930976,282125.072910785,250539.105233015
"319",204000,225398.524179427,238291.753870617,206483.785630107,202904.192838359,203146.208080195
"320",210000,200187.709890337,239965.896007164,216746.29897746,198965.329730879,214136.596070707
"321",175500,171108.941861733,152650.950784909,162665.526772078,172761.932751534,172911.551975899
"322",161000,148787.819190703,136388.327879299,154093.210678979,141666.713274515,160013.242859821
"323",62383,108826.252239326,115013.523496223,113653.568942898,117550.171342144,86764.5139437844
"324",188700,165494.087876596,189780.983663014,167579.853157703,178426.670315137,182279.717714162
"325",178740,158333.187144918,189445.514590474,179644.464700965,175358.481329349,178729.051513997
"326",167000,195191.009426368,159390.250425508,179792.967791681,174155.648662739,169581.323518239
"327",146500,152848.775113241,152709.962768371,146111.781251479,155021.310561804,149826.361258996
"328",250000,247504.462550504,313749.019816815,273597.661336641,260766.023458192,255068.105921741
"329",190000,190927.104131123,210091.202670704,219231.530246218,209781.050614466,190524.652965232
"330",148000,128815.021522058,130433.64642348,134510.433244412,138439.164252777,142869.926639376
"331",440000,356345.154116926,340942.662893974,339581.416711159,350126.075262625,400501.822970265
"332",132500,147149.763445216,133645.170769958,144266.879234065,135760.941612099,132837.742861918
"333",208900,229263.941322395,199041.830699888,198017.772610536,203156.263550545,202000.879837641
"334",380000,355488.784087544,375818.932799776,391869.571375654,402253.743849667,384107.519823832
"335",297000,301068.376268629,237270.114045828,266433.823501099,281138.012275197,303900.230996686
"336",326000,343491.340448687,321724.912312238,350809.429403434,344871.061836456,332136.232952326
"337",155000,161813.105256971,138318.092942637,165158.218386977,158484.336752699,159162.733568236
"338",164000,159224.196692396,122104.140588295,145020.3977983,154080.526125415,160678.400481698
"339",132500,132920.89411051,116222.799736628,133551.110252673,130519.658678962,132326.377373689
"340",147000,127347.73846179,121322.315936217,129549.264763899,138774.148027825,145744.45960272
"341",156000,148799.164068692,138105.695890783,147185.779338004,153799.084712013,149731.895186708
"342",115000,104380.750772475,127723.786075577,104357.368652,103602.372359025,114766.313290267
"343",133000,149056.576849102,148314.173731866,162042.151245605,153250.100595125,135980.064217403
"344",155000,161798.258429478,139555.68398136,132581.469594561,144201.11128373,150617.344160226
"345",91300,102766.379795336,96620.7622860886,110274.868716513,100803.126418743,96471.7987228503
"346",34900,67677.8081701877,56228.8568356806,62418.276792963,50604.7665576446,51361.3383998612
"347",184000,198170.848772547,165173.090338805,172392.311916425,171141.321654615,174100.781404302
"348",113000,103714.457925896,99157.9672389145,102165.146088052,108700.871833129,109331.303092216
"349",226700,212078.855656942,245412.449590644,209654.586745184,214825.59591273,222082.908357349
"350",289000,281529.350906779,233987.208943214,285096.974636469,296366.317843301,265755.083697732
"351",147000,143800.855450688,158167.817142493,152701.405933006,142705.987452284,145792.464885087
"352",124500,133213.807105066,142523.693586848,131895.38444865,129856.357266066,124683.126448158
"353",215000,223737.518922953,219465.252079971,215933.448079983,208450.969991387,216149.263889754
"354",124500,126643.208383101,120271.847249077,130907.479664204,137872.086056623,129045.851702681
"355",202665,213766.847519542,246429.198127058,219450.128160272,210451.265162055,193901.8292964
"356",134000,119818.746076154,154558.646911168,142948.398664278,137775.514710481,140399.06903185
"357",402861,388409.529724273,341405.862177741,397956.925080768,432084.618368584,386838.558281167
"358",265000,293981.009694553,335040.620561646,276398.266023301,262701.044484555,270934.701542643
"359",211000,205769.849346214,223863.887015902,194204.440194766,203184.449518693,202030.530607063
"360",234000,237496.705545149,210447.287365385,245995.955300667,258314.101602119,227040.228582682
"361",106250,82413.2615555008,71192.1409052616,87260.3678775632,106023.774919355,103898.026868398
"362",150000,141459.011270809,136923.553005439,142432.7870039,158017.189844326,149574.673480959
"363",159000,191899.077996894,179458.618498937,186068.424686644,179908.851173014,156797.525609961
"364",315750,308299.631298227,334240.771778171,297736.657716328,287308.757282368,303961.055458341
"365",132000,119292.096424358,113512.928658778,125823.099511847,126327.355300686,129429.7607505
"366",446261,421210.371900652,385451.20788488,421523.916072134,443457.6016678,426217.754857213
"367",200624,237190.775363616,283784.793358822,243227.981923896,202211.790805545,208016.143983342
"368",128000,152361.021847558,144481.463077914,156051.607768858,144780.870427584,127983.695341012
"369",107500,95637.6498010074,109578.617196303,117008.553039723,91742.3018293573,108386.303390275
"370",111250,107784.235309908,132587.862357075,114860.585321762,120452.584371629,114131.978211511
"371",158000,151451.237498908,133272.493167701,129266.560199793,132724.822648325,152583.949648354
"372",272000,235861.563036279,219516.942958741,238679.633035374,252835.34035249,262020.631709669
"373",315000,342167.795011708,264867.154089039,311644.358247378,328512.718298584,323054.827731303
"374",213250,214170.471882521,207813.671163972,211791.548206656,208749.62159704,215685.984386769
"375",133000,126041.263026548,104908.262453668,134301.33875057,125716.769884764,137023.605449593
"376",179665,215877.726970933,186952.104837141,207671.096891708,215757.354322409,182243.978329637
"377",229000,219178.84413605,242904.907387108,215803.474958488,241097.226558719,236486.423348821
"378",210000,184344.257129898,158653.790154412,157175.344469763,171053.92145991,183925.236469274
"379",125000,114963.638620973,124537.499260195,127906.937396919,135143.98931957,121363.688795865
"380",112500,126235.206932259,111333.850328084,108213.084954327,112933.594843807,114229.705793788
"381",108000,109398.377349323,131717.451039185,106705.672944339,106802.693781088,109816.035655195
"382",284000,273396.019297315,340076.490370031,297512.866170794,270062.628931663,279360.451916157
"383",113000,101790.277919173,109474.684607103,115217.960155643,111950.429568264,113676.862752469
"384",141000,143155.301838943,123990.942608893,137620.739709633,142348.762092515,142148.429890368
"385",108000,110976.929566489,121292.830767281,98066.842322974,92606.3365835172,109139.741312229
"386",175000,220962.591619155,177654.293865773,185367.909965783,196353.950583086,177842.078862988
"387",234000,199976.28843094,198080.194423965,184677.305172694,192718.077959401,216180.75753008
"388",170000,161443.575754849,165843.919733643,157728.643367002,165348.62010218,167138.012320959
"389",108000,116359.98702189,84419.2108218264,113388.704911142,107879.027382327,109952.658430933
"390",185000,175109.786131382,138231.816448423,167590.662590121,170286.602961113,175655.733721225
"391",268000,291103.708595956,310348.501168277,262897.887399855,260354.141393933,259353.853799534
"392",214000,229090.241405023,289630.04923656,228828.453907667,208933.77126043,214526.322367663
"393",135960,152863.364623575,105941.30161751,132636.737367069,136940.63779367,137315.112010175
"394",142600,126529.380671248,144814.48525965,146686.678724452,141275.930289833,140930.988070068
"395",120000,117223.071230475,112528.257005385,122078.081835735,109576.093295246,121718.371001611
"396",170000,184674.426088722,174472.256587144,176780.291216409,162278.957107992,171034.358257613
"397",139000,130592.782630829,136687.910374863,127931.229061362,127572.933504213,131470.882318264
"398",118500,105032.194143714,127926.065588936,103853.066195794,104313.897322535,119369.844496515
"399",131500,129440.986292827,176939.358557695,114618.763986241,133574.520654522,128663.454722096
"400",181900,187640.237625452,161313.099979426,164841.740515766,180220.101476063,176193.067894027
"401",253293,342087.229810246,367211.031887783,319067.426219843,329570.037918426,301026.822778981
"402",118500,87886.9111363082,67337.6324435542,109046.338733162,124571.819055803,119096.732369191
"403",325000,292316.765397847,232121.112172557,282252.208156381,300493.758818693,301528.976273489
"404",133000,138805.843682153,153156.33508509,133027.011069671,137704.307888376,130762.937138506
"405",369900,336078.872302533,285762.205529647,325132.008193158,336217.372559021,361266.167911607
"406",130000,119435.531531037,90964.8391953978,126362.656173346,140835.745153799,125167.391591961
"407",137000,129910.523108484,136504.130595713,136504.357934112,133522.857641128,134498.900228275
"408",143000,216868.477617644,191850.183590733,223717.857953694,203968.605597267,163147.933277839
"409",79500,100425.148123283,110214.976432373,110193.944587411,106015.791527391,91197.972179031
"410",185900,187908.664783366,213266.600907639,189781.638892763,185873.339147362,187685.522870766
"411",140000,131948.185283876,121916.306888531,139336.162966982,139590.883205858,140228.204691272
"412",110000,104773.37938831,130544.055373284,123175.726638076,116284.620779746,114849.322629026
"413",319000,342158.242344785,335943.112373754,351841.796565494,362618.4710193,310317.303196292
"414",114504,114725.579305527,103434.203877692,104297.16760288,110681.060527239,114575.326110793
"415",151000,154152.191723662,139231.594682263,144511.758081253,151422.99967129,151833.427151753
"416",275000,297680.477196506,324743.108863231,290004.664841044,256131.332383823,268573.899481613
"417",141000,113849.721077952,137000.679370573,131003.61261597,136682.224351976,135870.358048517
"418",220000,228776.814554702,220683.770060032,208632.376030619,206170.351317349,219855.197177658
"419",151000,150539.435405752,172708.667056002,169680.84694039,153153.462295892,152584.46751598
"420",205000,220187.575744227,207140.369819684,224105.78736962,227148.873817361,197596.598509508
"421",152000,148793.648780808,165082.750941595,148637.415841728,154650.594233542,149999.157687338
"422",225000,205651.962370645,181222.804560269,181273.21260026,178688.636404924,188794.679067941
"423",359100,330555.584397605,305732.558735942,293204.040893766,380939.430310877,305335.156529697
"424",313000,317153.864231734,258137.366127919,316093.64545259,311871.448751097,312226.567161036
"425",148000,145068.381613412,147474.079220108,154936.413406827,149070.121674208,152453.147207559
"426",261500,256704.780608961,230862.28595351,247889.88515352,255129.674314136,252211.877217693
"427",147000,128774.056521704,149547.526914595,128763.903020501,131823.392665881,132335.943538909
"428",75500,88516.4711566562,61914.5308352715,85349.3933531021,78214.2644404685,79614.851753123
"429",105500,104409.58836999,117782.407884713,129430.345481483,111073.554571797,110712.382095372
"430",314813,368984.655632731,320023.957629644,359188.024576389,337328.523336867,322958.20530855
"431",305000,292275.191907331,288863.332424311,315019.607264256,307537.803053809,299682.596263785
"432",135000,139860.206690614,135373.173946982,133849.475135926,128789.347227595,134910.799217333
"433",168500,176413.719760174,191128.695134282,169397.245413582,178306.602041534,171851.30101127
"434",165150,167343.871621394,185896.72140277,180130.599253772,173668.107897373,169670.875526247
"435",160000,156308.774728979,137986.556590153,163395.296782399,147125.187804765,152776.890317233
"436",139900,112787.573272178,149837.795764135,127602.139758499,126993.883835816,138731.527480978
"437",153000,155442.250310543,154963.405372414,160725.513812809,164286.413340137,154488.261081275
"438",135000,181982.386507166,207986.370868754,176838.849733067,187992.869748349,150199.454433914
"439",124000,117437.190767959,109713.026240199,93979.5532880583,100389.442107039,120427.215789793
"440",209500,219826.44651795,244744.929924039,219321.117186017,229182.154463148,221269.077308926
"441",139400,141706.887434627,117452.795642882,130636.87245039,135425.051113715,138044.900842278
"442",200000,199904.641809433,215165.90522179,191400.304277351,208901.764595432,173288.534536632
"443",60000,65519.2895827638,90182.1260922866,63402.1766405321,56498.6297582036,62267.4723944669
"444",93000,94400.4212697374,127301.786330921,115014.061238651,103401.53802963,100569.640705056
"445",85000,86257.0274441882,53356.4218768185,96812.3503235049,85679.7237541249,88641.8492663955
"446",264561,257807.93167357,211425.55325666,246173.563482115,257794.13381815,255012.615681387
"447",274000,313465.834157777,256180.751711244,219685.710771176,267672.045813074,272017.796606631
"448",226000,233024.88109716,256699.444965459,240290.422825918,246132.635669586,228064.100922093
"449",98300,101002.929977319,119230.416439967,112662.6852962,90880.8091472465,102542.429805251
"450",155000,157642.725331661,125769.159059217,146574.735624408,155170.74276457,149205.092625202
"451",155000,149350.776225054,189743.845186147,159829.15908998,158229.968794768,154846.517153289
"452",84500,82132.7376028834,37351.6945371321,76389.9933778649,78052.1823098951,82815.9953139755
"453",205950,213500.468848346,237299.418621723,218257.319169545,200346.454060033,204181.763228409
"454",108000,96925.8485557253,133794.632226795,117655.296454208,115155.629658213,115112.507749183
"455",191000,194182.040707424,215000.516173119,197886.440179584,190546.964347959,195071.038258733
"456",135000,137008.257809887,105066.051299104,119506.868759494,130912.466027784,132049.61317247
"457",88000,112940.567206898,90715.5077141998,98727.2955052141,95793.3964062564,92741.6203231442
"458",149000,155114.555275106,177420.093852674,165802.730285446,161813.236336491,157410.164466222
"459",97500,120887.530192503,146211.990974108,122532.456729284,126315.282569997,112562.424409861
"460",167000,171390.910452283,157150.378599802,156576.60856244,170679.132880902,158859.202692238
"461",197900,199806.569807442,209874.085531736,207936.371005347,200083.08079978,195634.141739477
"462",402000,348254.834287631,330867.381594677,386132.642152488,384791.903239057,366001.366663673
"463",110000,112146.519524932,168804.974051113,145182.791819271,116957.550860757,124899.496720141
"464",137500,121337.408200314,152609.741177153,128997.101028856,144482.031452809,139052.213582538
"465",230500,197632.952127593,218886.733667046,222072.80763478,234522.165195016,231465.484926411
"466",129000,174949.441062206,241313.764206404,174501.412762919,129000.000000019,147579.603198462
"467",193500,204697.543387687,210076.636999815,202296.09899559,202091.550169452,195924.323251141
"468",165000,174564.303595058,205619.842802213,186017.613723425,175649.598476674,168502.581569296
"469",140000,137435.876436125,138956.56507693,154550.103532372,151028.393703648,143391.721721636
"470",148500,151771.602302805,144302.494050017,147731.520743183,149348.46592109,148179.78568887
"471",87000,56488.8498344863,155436.393958257,97935.0209091955,83130.8394175355,102256.914751795
"472",109500,117801.604070648,76206.1767447472,110061.631321866,111387.451041342,109950.354451146
"473",372500,350452.530092618,357776.84342537,339211.434320385,351948.023341056,360589.738906573
"474",128500,130444.431055431,131187.251803341,127562.555168694,127941.367527458,130883.570304134
"475",143000,119233.928934711,103552.853799456,126663.096777167,133301.329151513,135148.86146893
"476",221000,243973.307124895,280527.281131682,223263.567663342,215536.121216344,219223.999559415
"477",227875,231375.88373078,250330.034631952,246354.478735379,223470.823463949,222572.872513999
"478",392000,296479.931665442,298455.539303979,298434.748479355,272591.164263727,300448.175753774
"479",194700,208720.642470496,245339.686635246,195460.084841804,190083.554287555,189518.522546544
"480",141000,149826.489851483,124857.021896058,144336.098893295,140491.76714565,145381.66371727
"481",755000,564151.906298685,475100.617147552,638831.283952338,742828.631722551,609250.604150244
"482",335000,300672.97508105,294799.642790023,289720.922685924,280283.597130615,298829.442740976
"483",108480,79402.8826138039,101095.874395307,92261.5404031965,97017.8928725951,109592.811877696
"484",141500,144198.354581696,169101.284750737,139095.742297375,134464.103449747,135739.645786243
"485",89000,97325.8952612257,75666.131697223,105243.507587121,99978.9426641718,91721.6909219528
"486",138500,135194.669112798,116120.604600948,149889.695433216,134863.238330686,134078.708465638
"487",196000,193757.74558414,186873.703817168,184944.241117887,191916.835154458,193092.853346864
"488",312500,312137.492189549,261536.89512152,284780.420194722,292664.640857129,314593.581281075
"489",140000,149315.910473207,144119.248242398,144823.979145173,137631.923525598,149646.286746965
"490",361919,394545.920500121,381026.99157031,358787.925946388,359448.61477673,344510.420744777
"491",140000,121488.131803283,138224.83943872,156039.535442913,139383.941016525,143052.686194574
"492",302000,287979.140359872,238303.212796221,250590.119816971,331541.079158468,277488.697876313
"493",254000,216276.974575217,247382.419156224,240157.616273655,220759.053213304,235567.638670198
"494",179540,203330.911701098,181243.092516507,193262.388629363,185253.574080826,177963.409939973
"495",109900,111252.84838474,118628.91614527,111352.09795903,103054.723904205,112043.309471874
"496",102776,97566.2716868592,87177.2751524531,87489.2614539748,103248.823523843,100798.307014435
"497",189000,227955.615416637,240161.928140683,226120.844654577,204098.210346235,189159.87590248
"498",129000,115931.316768359,132583.282815615,114731.593103336,132684.20311852,127080.084579602
"499",165000,154792.5885994,161965.375504613,155012.961958671,151308.35532414,165035.044039308
"500",157000,150119.08206976,146063.129917948,142770.741361515,156923.14560606,159056.76221162
"501",341000,364058.334784643,338271.055013022,295615.306328003,297135.789140983,322281.703219674
"502",275000,273659.800273102,311417.98409929,278916.731166458,269989.102877239,265914.7140621
"503",135000,129562.292817185,157381.815838745,130274.459475545,125016.004207946,131438.580430561
"504",320000,319782.083468678,218857.231414443,264939.835201746,298748.325002727,303653.401504184
"505",222000,252679.932352891,249982.424617459,272219.418068106,275594.964189966,216235.757275985
"506",110000,143645.859166906,160162.439923882,147712.131257393,124486.016380923,122054.986813635
"507",236500,255347.793207591,279943.742057206,258009.393548271,263810.43691469,248028.018811023
"508",187500,223298.115449745,201085.018679453,204196.496338974,182182.495549951,186509.886045827
"509",131400,135267.132282687,126237.035721318,134958.341974184,135972.022722275,134026.849404674
"510",108000,114338.424829812,118277.051775988,117390.756560121,107260.779783032,112754.194987134
"511",93500,70580.1964494849,84479.7792974051,81987.7882093454,78577.1210840459,93750.2270166571
"512",239900,226850.402022108,223803.037660081,226828.645988412,221241.004160104,240029.213781008
"513",179000,163120.031319417,104020.131995101,144911.956737135,165834.517184068,159116.298964067
"514",142000,143214.996640549,112461.409668078,150426.999378298,137958.5611659,138417.652088282
"515",175000,157380.595605305,166429.500715735,160534.643071754,154897.905344897,167528.281883598
"516",180000,235766.354453526,251213.997184675,233870.304195922,219839.943107078,188660.948763916
"517",299800,314047.615934568,276658.807587726,326768.138153993,333475.509627731,289961.992506406
"518",236000,235873.524702643,242577.50811223,222367.084373794,232639.127268875,231405.568344797
"519",260400,268851.291057026,272247.182132758,253271.385900852,237268.586547717,249552.793393753
"520",96500,67284.9147266992,76624.1557842408,90059.8318370937,91186.3292609195,93103.5167566552
"521",162000,152538.628172406,172923.953089916,170288.407735542,154668.833448216,166828.340379701
"522",156000,160052.271040502,136191.612896679,171486.356717224,167396.025686366,149830.005427805
"523",172500,176147.658530713,182912.69362398,166370.433803506,168243.059630122,171777.895650731
"524",158900,176370.124823705,169217.569291907,147111.355134242,144795.846399843,157371.478375557
"525",100000,110847.405366739,136930.967282389,120854.203406588,113293.801412184,111113.781551167
"526",215200,209739.424386809,232373.044810031,205176.929704698,181605.93536795,206705.087542826
"527",337000,321093.499100122,334898.776960939,334578.964572992,331931.905611551,325195.03844934
"528",270000,248797.003086597,205079.689797803,227062.249279935,257594.855437427,249369.080663173
"529",196500,178665.904027324,199377.195878239,189846.983715938,185525.414700157,192466.625791294
"530",216837,222090.441423924,225864.941544053,223244.740083473,235392.503360672,223838.696885234
"531",134900,140172.002251596,136325.131734012,131775.179004431,127472.716305951,133627.538324905
"532",107000,131736.18149702,149331.581067944,131239.226755849,130045.403947721,123162.016418699
"533",395000,292708.724830411,335625.402538537,319483.124846372,318482.141249507,357374.859347504
"534",162000,163452.002730892,144856.637468975,158883.815156204,158853.190347364,161575.030215016
"535",221500,240075.21399449,230005.308402918,223504.187997677,229096.146219573,225833.556809234
"536",142500,134098.53706423,127159.73065366,133222.148508436,134062.187544905,141890.276385367
"537",144000,153124.643970571,178585.726123484,156374.293271043,143956.636720857,149071.773578825
"538",135000,183014.45186521,107272.880173615,133851.628595651,145690.270112407,140066.401353813
"539",176000,161697.719429408,162524.919138318,181374.575925447,169690.372198815,174453.127764258
"540",175900,175395.689507633,198876.646887342,168249.808473266,162983.245359837,176060.446313157
"541",187100,189987.518577928,203888.409084088,189294.272738951,195339.577183301,189946.754174725
"542",165500,150988.174666119,161005.401572148,157464.759454833,157075.111392372,161959.20370568
"543",128000,126814.292490727,105505.514646922,119643.989637999,109223.157712344,129020.763759244
"544",233000,225632.977716494,246650.71878258,220820.801393083,232055.909571659,231389.610363116
"545",107900,99452.1819253042,109185.62514748,104835.165487806,106757.737233488,108910.027317767
"546",160200,158852.307563632,172476.306743985,170205.807400458,162975.969049571,165273.663100929
"547",146800,142466.164349075,150918.194824161,158631.126081711,149177.165286126,149039.198259622
"548",269790,288600.155125835,288310.81332323,251689.055249227,234571.750194611,254600.557596412
"549",225000,245762.3090681,220756.539154235,234177.228525143,225723.627125004,228733.091828829
"550",194500,201993.198741067,207314.59073009,197928.299418475,194224.200139857,194297.720918566
"551",110000,98620.6053052374,99434.2058564431,95516.3304819298,93340.8146068736,112402.927061525
"552",485000,438224.723812064,420430.367851584,474817.47357083,488586.412505479,494937.596940551
"553",175000,165771.787272649,147652.291079793,158182.667186067,158949.626542002,164542.21336847
"554",109900,141945.164300077,106675.533182067,118918.963785675,126201.143262327,116219.881833532
"555",189000,192369.332930572,197328.373246974,204593.372752244,191888.400926155,182815.236862732
"556",582933,442516.784272848,403935.646425956,453207.381917435,440857.874448597,506448.533962494
"557",118000,96786.2961850115,126217.770196431,116343.75905917,109580.35941202,123110.285277488
"558",223500,190252.109812715,158360.482087358,150620.509623608,183479.890817723,200569.664155269
"559",106000,133239.43765905,154838.620719511,112274.536015677,100532.94896713,111470.016456105
"560",144500,153848.975737388,122609.295432388,144185.304768456,140307.046781145,145656.477094605
"561",55993,94138.1284403475,125601.940144962,94520.5499349882,59395.5427108209,71927.3503770967
"562",157900,147356.985022319,148373.579973892,143102.173578118,157238.140241775,152074.128954269
"563",116000,105289.053625995,98610.9185524801,115662.885279771,107928.324653293,112652.411430055
"564",224900,212516.240131315,218543.932807851,203005.653600388,205416.128826226,219622.321478143
"565",137000,137224.918608032,119096.417242112,121526.860198236,130318.119794602,134802.303773472
"566",271000,247625.949729701,230626.589370493,261359.566575507,265562.83608906,266975.812965641
"567",155000,148304.829153087,160039.446797574,178424.233846164,160475.26757365,155131.474218108
"568",183000,187077.371687042,220319.648202599,190841.799185469,178313.124551579,188453.618324367
"569",225000,218653.037123518,202697.140052716,201050.027090519,195339.577729614,211609.412650745
"570",139500,163801.413379215,134331.970317092,161485.414575482,144834.153685923,137776.705544634
"571",232600,219803.426420739,233491.584786219,235098.662309879,247413.441657228,233074.51801964
"572",385000,397601.611175348,364017.375112382,398691.330385206,456289.361537737,389126.020196603
"573",109500,102702.467669814,78437.0502577963,105347.164174071,99963.3786203333,107010.050384517
"574",189000,201570.185832004,196867.352506096,198392.582071016,188941.675950994,190025.994205217
"575",147400,151165.392673022,151923.183728447,156213.742324375,153179.920501865,150849.696714191
"576",166000,177322.133141429,153485.690521903,174540.201840882,175963.37633397,162921.587811098
"577",237000,235055.774223377,232859.390136508,243044.762789586,222437.844065054,229921.814489099
"578",167000,166350.00674635,168139.587299123,165263.020386318,179218.025105794,161727.190786877
"579",139950,137377.370281364,137852.248046398,141310.460128943,137567.280274119,140215.871648302
"580",128000,130809.223408607,130568.747906966,135889.135233323,122218.90613108,130190.729215775
"581",100000,89959.111694053,86595.7038483602,100937.40105214,102725.125336468,97255.7034462153
"582",144000,136655.864171687,158403.23233511,141897.429577973,136088.936535565,143079.306040013
"583",130500,117491.768550966,114723.166640396,112400.415924071,120085.446361301,126116.465521825
"584",140000,145407.675615757,130808.286523196,134793.21864072,140788.699046584,137276.579523055
"585",157500,165498.957474598,136560.959030688,137201.092871182,139374.735760958,149376.570884497
"586",174900,181364.189554603,144437.851781551,161474.359107496,165239.605270122,165298.442888529
"587",171000,186995.194062629,198295.098854474,178102.155154421,183677.018934967,171902.528040895
"588",240000,238716.798030758,210540.884849765,259437.338086459,231702.554214292,222531.031846635
"589",187000,184498.287561534,254088.43299513,209977.734013115,189723.11839631,184717.600856245
"590",131500,135000.223451164,124164.0333522,142875.496019389,139216.729072957,136321.325556249
"591",164000,189044.290232001,196553.266474593,194170.669377439,178843.660858411,169349.540016355
"592",170000,179231.677478807,177742.66686984,153091.30232693,161836.575182744,169580.488301348
"593",127000,145425.854078305,119065.658654273,142388.803133531,138783.124304198,130166.476309143
"594",147000,155648.055269666,153822.882626864,157193.202050169,156175.488765873,146680.370607362
"595",152000,157906.985141605,167122.112892025,171735.717243728,160517.688337783,158438.991454038
"596",250000,248170.486817892,256113.883674781,262682.731438485,253849.653304901,235129.550524441
"597",189950,187367.989675192,158057.988667614,177477.368485235,169038.475202061,178979.226864554
"598",131500,130249.872152696,117260.718990993,126774.799528038,128831.923113607,131517.727171434
"599",132500,140552.638387861,146735.503228722,125507.06172995,132616.399128194,135220.211033792
"600",148500,130937.913059625,156445.350702516,139621.754071809,139708.127798719,142092.513940832
"601",248900,250415.746423773,260033.169320383,268902.083917152,262818.988683264,255018.73661755
"602",129000,125253.120983186,139641.61042048,123830.638119235,131132.186562624,131200.733465315
"603",236000,223330.205575048,227027.337213356,219832.911713675,218131.003675255,234649.233617923
"604",116000,123981.463419706,115337.459282621,124885.589267883,109925.643553915,118520.363861407
"605",133000,133718.295595069,130935.461463836,133197.24011103,135879.460430012,134144.409186218
"606",66500,88572.3546211105,111172.723294181,96833.5884241734,94850.2151414377,79612.8546074955
"607",303477,339764.833545907,297535.976157679,302043.843087112,324314.505527428,291130.377022782
"608",350000,350470.186673256,343276.754843353,363442.987011075,346865.997600277,342130.514029076
"609",136500,142798.499836693,128530.53457466,146824.587681867,137734.400784296,135473.927544196
"610",157000,168704.137849185,159431.304012242,142049.324078998,162844.72732709,151387.025600097
"611",178000,173403.100649719,182704.543844576,177363.766653418,168770.383094554,178075.697635213
"612",118500,119676.540966333,166934.886801192,116069.025584515,121591.293418521,123429.286020493
"613",328900,277717.741438481,205782.605404134,228226.841811037,268054.927165399,302444.262234043
"614",145000,133407.336711863,144524.623443697,151587.917100143,148057.158504295,149010.010625652
"615",135500,148180.177646444,133486.812491831,144181.50325801,142491.577901636,130133.639089838
"616",268000,267880.275390567,231648.965242513,284637.437543942,290426.755645563,260733.810067098
"617",149500,151362.02167119,161228.225363131,146286.607715572,162644.115206428,155218.84631224
"618",122900,105720.963730767,118831.975051665,130874.454844372,121427.573582211,120315.160651199
"619",172500,172765.202021176,188901.192379814,173772.171560662,180344.458025254,167374.867311624
"620",154500,161491.141624339,122010.950297519,147609.964565762,148419.942060782,148296.294606024
"621",165000,148989.617794788,143190.35088735,143230.073319376,140198.803688773,159144.729578213
"622",106500,105114.648911084,94978.2536074142,78578.8751701726,89895.6159226973,101985.031846675
"623",611657,443518.700317277,358618.353978559,411221.093571855,485638.336119291,528492.666458961
"624",135000,140390.496562087,134138.791806129,135209.566047423,136448.71590217,135930.660354384
"625",110000,97148.0553897707,138686.472989641,110150.960300817,110219.992596523,112299.700714192
"626",180000,180149.284254203,182061.586551023,185312.449198188,175585.191723892,179888.438794431
"627",240000,235774.590180798,211991.04828784,231980.116882724,243179.299806624,239785.482620856
"628",125500,120120.650745219,113633.185189724,116858.106069392,113823.357235592,126365.758696313
"629",128000,113419.610940982,118893.20174467,120101.436868374,126188.565799637,130864.848047066
"630",255000,244553.741809284,246208.368659177,261980.787042484,248833.123017358,254971.117843875
"631",174000,162158.761828203,181462.964603065,162502.988161194,175072.449601756,175857.737922502
"632",154300,161197.809344734,172739.501267519,155795.718973618,157159.071515401,154958.648171533
"633",143500,159260.804481045,156039.091768152,148311.840441188,143687.524520131,147619.633736075
"634",145000,182098.823087092,214587.127529207,163534.408818511,147721.417683258,150100.437388693
"635",173733,178814.996908243,180162.25349962,167246.23185212,164601.813713734,168441.013183883
"636",75000,74948.5935792035,77930.0779663891,79520.2137785929,84712.7125418678,81056.8178593774
"637",35311,53181.4235239734,67622.3178349201,53440.1334847777,35562.297549938,47994.2005461079
"638",135000,120458.455917801,125826.209320756,110745.332481475,136641.349027029,135541.5364535
"639",238000,263092.049439129,250744.798885645,236873.996299999,241348.963093996,249048.885001973
"640",176500,177547.601545335,162406.288569228,195874.606177476,178727.5007206,170557.634013978
"641",201000,183414.78928124,208375.810808712,180756.401878706,183128.914566414,196210.891198013
"642",169990,186810.411092972,173876.032625403,180553.752097163,185249.382012006,172696.527972039
"643",207500,198430.308563314,197122.018071827,206618.897311975,208008.175427131,199722.111148991
"644",175000,187386.265252887,152614.119159093,132575.114821956,142624.650496196,164812.720241904
"645",285000,307917.197758975,349873.832477002,314026.065626725,296628.594470824,287998.877738534
"646",176000,190336.842994894,200054.752204829,185389.923224022,191215.367677661,182929.298941333
"647",236500,248873.845509807,224243.902496443,235719.597592272,245883.705388886,241654.093311696
"648",222000,217171.370689877,243085.108597143,214232.203443518,225928.614150531,224318.325951963
"649",320000,342344.842840664,262516.619644698,290167.871863706,309811.063875379,317911.307863563
"650",242000,224714.089790019,206186.267505994,184222.442159744,241392.373731248,227364.705425965
"651",184900,185376.455086722,184514.718806468,186257.110988662,184446.617915773,186352.411423185
"652",239799,227809.822144593,256534.161656386,236291.926131194,253816.385071558,237198.056468848
"653",244400,224025.945778214,230328.631462223,236605.698852441,229759.625382355,235774.144951004
"654",214000,216611.006670029,219838.559742977,221836.183495928,230408.992353312,216458.576734106
"655",150000,140023.774094802,102866.47937625,107275.928921524,125003.035779883,138721.39361878
"656",143000,126188.256723503,146252.95817165,134168.930726679,129508.229042765,140966.098004187
"657",124900,137972.235134602,137651.807107539,116345.68062869,141343.003017818,129472.892662423
"658",143000,118861.771875308,152165.866282888,137787.911377197,142533.013222316,143762.241371824
"659",270000,246488.249101571,246399.838598983,263133.958270886,276594.83210611,272360.810104918
"660",197500,175440.531143136,171303.797160636,174854.713869238,182961.696071801,185619.968708311
"661",119900,120071.696643776,121602.752696821,115646.38765477,106084.454408313,119811.905253813
"662",133900,131503.106294918,122301.925529926,135871.832971522,130320.060318646,132838.20297459
"663",172000,167252.482596473,213260.827595214,161771.781527602,167555.584071319,169698.095772355
"664",145000,177173.346415171,191758.641816725,161189.883899624,146439.983009227,153548.381133385
"665",124000,126038.321883106,135768.405317733,129567.311674891,123653.60639172,133436.440184732
"666",185000,195681.323984762,194990.023140944,198517.349806224,196371.703732567,187357.045381375
"667",239000,273401.514984637,237599.499358742,242979.049245233,264525.294967259,253165.831985017
"668",214900,219404.627066043,254455.707376307,232424.607764981,226984.804367118,213649.897936379
"669",178900,175109.785412253,181601.490444161,178970.050282379,181914.513833266,177475.976305987
"670",160000,146108.824971793,166437.28236869,155905.49580579,151286.04889267,155933.98324125
"671",37900,63247.3860715278,66170.8986692193,62744.7190778815,61787.208939215,53272.5496281035
"672",140000,143235.46399126,108212.494347108,131063.325530388,129384.04281632,137223.108337103
"673",173000,188383.252631231,240917.837196955,186552.48943795,189209.447241622,168863.546509416
"674",99500,111131.116301143,102490.650616683,124942.069419564,119132.807187748,111420.572540092
"675",182000,214877.765173399,218259.998210846,207369.409775002,217151.616220941,191090.893355249
"676",167500,182755.620915236,177753.296219238,169502.053686829,210029.438870081,170612.839730671
"677",165000,162717.48607152,156165.566402984,168315.091224779,179022.23710124,166123.874046447
"678",85500,97911.8068733771,86268.4370391702,96430.0391293901,93986.6597241521,86873.2843597647
"679",199900,190769.547164391,176028.913678129,186277.339402336,215759.71088834,195842.728110727
"680",110000,82907.512561324,107306.910411752,92865.7385838367,99359.133786029,111634.937616313
"681",139000,137349.558377852,138146.212492599,139170.269112957,136762.177380753,138238.123068836
"682",336000,335766.230149814,344133.441113747,332223.263286247,331758.129663737,327031.883020055
"683",255900,243903.945529636,269377.634913956,247118.553006068,247603.141685235,260568.564101227
"684",125000,102965.071520442,102007.671103099,107811.940536997,111573.751050605,124788.520037288
"685",117000,123456.436368047,129446.554457361,134273.536785191,129175.992126481,120372.769057685
"686",395192,389900.512832537,324170.621991362,366780.019880203,387443.176477854,376401.294492964
"687",197000,201433.929358198,234683.250547837,209535.356501884,199010.335561961,194296.370317041
"688",187000,228640.568823233,194354.523128306,202850.951459935,204399.773114002,180479.035993796
"689",337500,376062.372581416,316257.803321369,352421.409268064,345586.778682189,333969.940955236
"690",121600,126300.428703299,140700.20452534,119232.538487923,127115.112997309,118895.965788089
"691",185000,175372.097535385,174560.710558943,177308.489070041,167381.819022325,180884.27295639
"692",91000,77749.8296388241,89178.1150913346,74167.4922231244,89531.3752797756,94445.9525439018
"693",206000,203126.410897639,192206.954405395,195367.083780244,184714.416392751,200620.648734749
"694",232000,224845.77133196,241984.647105317,253066.857625287,247876.223210876,237534.980761083
"695",136905,127727.295987249,147093.551281475,154601.960767303,144199.128820074,141777.195380786
"696",181000,187018.085426271,197260.981712693,187206.166216416,190295.597234473,186145.490421809
"697",88000,80122.5612449052,101106.937176813,85234.7715361696,89626.8516617946,88437.3493237179
"698",240000,252271.697996764,219387.456869502,230242.741841256,229595.632455888,232104.156506524
"699",135000,116186.050394679,131777.813930694,119620.774754815,124176.401725317,131177.75166862
"700",100000,109602.052425617,111091.43267337,97115.9856503775,101523.466749358,106598.086373187
"701",165000,174563.139901318,165472.683805265,169130.585827703,165902.883693486,164789.256504623
"702",119200,121117.642853975,116539.001358459,125071.414209104,125125.177248578,122276.643210964
"703",227000,204597.711456198,208493.078922376,220469.257087214,211631.842603499,216265.474193473
"704",203000,235209.881211542,200023.582414354,212233.869563608,209566.635043513,209360.633922809
"705",187500,224022.216213699,248476.377513056,189997.482833509,199974.514481115,196213.179367898
"706",213490,211781.256070085,198871.414265718,187166.215525515,190655.600205476,204542.279638945
"707",194000,219881.81903158,193093.069538792,203236.664977468,196747.817911533,194678.64093758
"708",87000,97215.6531134243,108094.734184086,102219.170268332,107185.434493792,96961.5168044814
"709",191000,177967.163654089,196337.476105387,187206.166216416,190295.597234473,190569.100629516
"710",287000,298426.749139442,313238.020259511,290515.417018691,320670.157493387,289447.882899176
"711",105000,100192.317628787,131150.175856013,125950.503344835,122778.997532972,114975.397260455
"712",160000,138854.106874581,117215.213106395,144927.345449655,148564.541180274,146796.755755811
"713",310000,316866.597738332,334920.529754914,331274.410451675,317515.745260736,306568.174729627
"714",230000,226930.971081616,234743.921159124,229734.942001835,230413.642338988,234516.81548349
"715",119750,121094.181756177,142667.557287256,140149.720121038,129926.417140621,122081.25898274
"716",84000,76115.1910303393,100688.29174177,74624.8806324445,75845.6588397451,85728.9473553971
"717",315500,330752.596197873,260745.603517223,292022.703985592,291754.239989496,311269.845583127
"718",287000,246188.104279255,277004.425573323,263278.053223866,261610.451536712,270019.460209186
"719",80000,75624.8197287309,73734.6839320352,80653.4565646926,77880.1756557905,84051.249332635
"720",155000,175310.314612942,182993.570165178,155093.837775294,148908.859370846,159015.983900269
"721",173000,160783.261574098,172319.334013566,170928.291175459,170030.047706983,172149.959739742
"722",196000,204770.794318573,227848.095912549,190216.80179261,196356.016169674,194540.179288391
"723",262280,233570.024749104,245742.714390098,242709.575256069,246942.392003349,253920.909435941
"724",278000,267920.092453052,251967.657545,286845.855487002,309457.304288085,268149.077418973
"725",139600,155257.523977128,170814.941010815,118459.705071026,128512.283328545,136339.45290702
"726",556581,449679.872535428,407160.065950917,446492.444859603,474696.504996832,498247.112808418
"727",145000,151838.75145627,166685.180843465,136479.93572686,141277.515516248,142320.680124362
"728",115000,134188.090235013,173820.526151811,128653.300907247,137641.183378762,125613.305466034
"729",84900,105760.882777781,97925.4952038045,90845.3415946278,94790.4165279418,89938.3144442027
"730",176485,196986.742649532,176029.044658402,184491.814875435,185382.003591352,178093.927407946
"731",144500,139503.22943786,149896.843381746,133482.117441907,142218.973117599,148496.522320605
"732",255000,232888.233393856,242734.537468081,248579.07148984,256869.685866136,253361.002266296
"733",180000,182561.065950326,176126.179098802,156247.679215251,169188.73469955,177269.776241854
"734",185850,227659.152047174,246595.579219579,226778.493771904,208979.437731675,191842.787472127
"735",248000,269772.816007164,277690.268834925,240275.187293443,259827.704116894,236424.438502884
"736",335000,368960.427698391,347620.16938326,343006.259651709,329051.750177389,336011.958473015
"737",213500,238732.039453501,260125.055643487,228814.469228206,222835.747067711,210649.65923496
"738",81000,76477.9052048011,132603.651396373,86292.3520379312,69109.1731586549,87965.9502834533
"739",90000,119361.406425645,167325.292196587,119332.976314645,113899.389642599,105392.409851527
"740",154000,154787.199439233,143163.826772284,139286.705249829,157532.477370051,154419.832043995
"741",167900,200785.578002434,171521.680563888,184094.900368999,184335.431427135,165536.446845689
"742",151400,185638.985047834,218310.262518886,178024.255193197,168287.799097259,158699.52756189
"743",135000,120219.372559369,121038.297217727,127319.51539361,121710.140119356,130261.532013634
"744",135000,130686.581076001,119448.58659783,130724.994227496,127697.40551642,134005.291146231
"745",91500,110278.932257904,134612.217991525,114148.417913347,109200.529609125,100910.238171031
"746",194000,197320.347760599,205775.658948994,196691.426443408,182100.644700501,198844.710751355
"747",219500,199012.412295179,199846.349148807,182481.791374333,197110.76306648,203147.365943177
"748",170000,164814.319538332,150052.751525799,154477.776935241,151726.075065037,161825.57553397
"749",155900,131108.961933701,124857.021896058,147738.775504452,139999.762299688,149421.749790041
"750",126000,123135.60058447,149461.801267204,127089.065413609,131413.971981758,130763.547438385
"751",133000,110432.45142118,124222.787119335,121383.283199954,127452.4628724,130312.56503011
"752",192000,185510.316146812,203121.170665161,201663.59427225,197443.160913042,191449.836674069
"753",160000,154574.265084125,148063.283352587,156276.348030583,151717.84953988,156676.012775207
"754",187500,178301.764628988,180939.663407732,173365.165058258,179519.476172327,183758.803899683
"755",147000,158061.502059259,157040.574622364,160050.85498022,151208.210799946,146029.261144378
"756",252000,242513.996105417,274895.061663913,263941.691625166,261255.316907125,253695.425507467
"757",137500,128050.790620562,147613.765543923,153868.321146334,147238.245572773,139076.361632377
"758",197000,194109.69198536,174901.652374029,198274.582821112,211662.986246834,201962.330519326
"759",92900,88180.3289128702,84479.7792974051,81987.7882093454,78577.1210840459,92949.0524785709
"760",160000,169484.894384966,149075.542324435,165222.284496585,165802.96900223,160798.453350087
"761",136500,155384.213265029,154589.836557505,159919.453874383,150353.153097235,143016.111945538
"762",127000,132613.482537034,92218.0053237866,112071.881127888,113745.324895739,121039.015318177
"763",170000,177825.195939192,222727.12262211,177676.171205169,165247.335057296,171589.791942382
"764",128000,124935.645116075,135462.43461096,112919.680654386,121553.237052759,121978.656878375
"765",157000,176407.81824484,183271.904553598,161977.512498839,178932.403656974,169653.900617902
"766",60000,36780.3114324451,46928.3494195777,63985.3329371728,63499.1164952865,67880.8057715669
"767",119500,109911.226279112,124577.48261443,115617.415793272,121064.156977852,122010.01611258
"768",135000,128772.862984682,127093.423590916,132586.380949146,135957.065540771,134835.252071884
"769",106000,113136.369016937,142036.133016716,117186.836388836,109131.610729924,111884.354566609
"770",179900,183653.726895713,198700.875776067,185960.991404688,183198.16664306,188847.737119538
"771",274725,217789.88747747,221039.487874461,200853.108533446,243982.790919764,250237.084418282
"772",188000,188081.317465014,189274.935093724,190430.020724594,177734.847632442,186358.723009971
"773",205000,206030.893116065,206674.0601893,197117.702817251,200560.18076749,197716.395734481
"774",129900,114719.271160151,106273.598527718,126419.729388357,120738.5151377,126680.0260451
"775",117000,113963.805650757,106242.193674669,107085.689917996,116375.937108494,117586.511269753
"776",318000,334628.785465051,324689.168521631,313386.216191036,308314.40038116,314444.692726968
"777",130000,128332.004359845,122770.563650309,141680.366474354,142997.443070715,131261.640657696
"778",140000,127203.656344699,159566.598179766,132496.929587218,134684.244593859,137642.347383679
"779",118400,117121.750121848,87517.5251735192,105453.658412212,109316.470657594,118149.674866453
"780",212900,237074.093585997,221594.498610046,220060.639795144,222179.317182973,217718.654767334
"781",118000,122981.376013402,71760.3910768087,112338.367032411,103322.422042551,108800.853666942
"782",163900,177650.058916879,174646.50470175,175868.384545385,158727.455811994,167553.079863719
"783",115000,108809.140898531,135651.73684398,115865.084546272,114087.304270631,118141.187482964
"784",174000,189273.942584206,211786.530031504,201618.473438373,205782.913901223,188755.316815852
"785",259000,167938.231105699,197496.544488574,212386.758625422,239422.937227887,248101.847793877
"786",215000,220534.411625087,217877.079092247,208256.546125892,210594.652045351,214027.248435128
"787",135000,150059.860898999,177861.722462823,148259.729777349,131286.763412468,143464.650249518
"788",117500,141658.644049455,147267.52866484,116161.176975415,114016.729577514,120492.275127864
"789",239500,225892.628397477,228669.231894216,222254.416354267,235365.37686654,236566.307620116
"790",169000,183580.897531326,189964.831964283,177815.474202799,173830.04129751,172971.030137644
"791",94000,83142.0292959751,45293.2238880158,88755.6148658479,94164.4838265571,96164.3959729349
"792",144000,99952.0631507921,124555.974740447,121020.416034553,120636.542771462,138670.017972765
"793",424870,383254.844564534,325190.373306286,361311.795105599,387844.149466671,392596.61306091
"794",80000,110745.224567986,104718.187046764,94306.3726363583,92358.6076434007,94542.3402366344
"795",80000,71140.0558248923,79895.4827550526,86440.632623561,89159.9017249582,84151.2672148466
"796",149000,140696.299142262,143338.861928618,135027.375088557,132652.160348291,142485.242907085
"797",180000,170268.533102239,172258.889324245,179146.56741717,172517.119632771,177380.710330755
"798",174500,170077.064409208,185018.204256981,178950.415596172,178841.621338713,174478.987929216
"799",116900,116698.751927734,103364.461252802,125149.431946827,112089.175067201,119676.748369341
"800",143000,166809.512978113,123769.113362993,156312.802300599,161145.971035127,143392.229575208
"801",149900,146705.702594358,156672.717246056,130489.574146904,156125.867629399,155280.964003049
"802",120500,130378.359092661,87947.6579955786,115479.058962344,123113.753139141,122408.797710638
"803",201800,239840.804632537,187708.878569007,209558.198534084,214099.275044343,196869.920597596
"804",218000,219963.435898122,226208.620131314,224784.017626672,210257.981496889,202674.022677558
"805",179900,199312.092742121,156886.149837594,166363.975122906,171644.436409145,173265.016007581
"806",230000,206371.146829501,227669.440519591,205439.524323224,208089.641712792,220334.121041851
"807",235128,199746.517863008,243397.744898065,247939.527736004,250795.450845632,236534.84322144
"808",146000,142662.767652425,145410.137966763,140543.701829976,144914.303215986,147766.541685423
"809",224000,219562.498570768,231500.06129071,210811.658832989,216788.043107754,213920.177968614
"810",129000,121156.447309648,123463.552194167,118909.419604053,126924.723439797,128111.572868351
"811",108959,117198.618391262,100588.980478057,115850.643034902,153613.806642789,120961.12025311
"812",194000,172655.067431975,227040.735408494,193515.470747891,186741.927677899,188477.97812357
"813",233170,232422.332175237,295829.806739922,236867.200213567,221049.529802006,225167.144850602
"814",235000,175412.428717451,190957.419188136,184394.407781317,205355.798552536,216270.88443814
"815",171000,149744.642094823,145140.935114081,155435.285809176,148574.292173712,161583.176094287
"816",171900,158769.211803498,182234.479722173,172011.510512306,158684.891745784,169950.867532747
"817",200500,234923.095716125,269513.547083591,218948.387051884,188026.02817095,196483.467828474
"818",239000,246864.662796612,242978.15681675,232366.199038825,243814.11575618,226741.501556355
"819",119500,125513.859002116,133499.734112713,134647.105198363,124389.681559757,124044.375500651
"820",115000,92312.5725467368,108107.040223796,124028.575487948,126703.654615431,115655.019461033
"821",154900,136940.932265653,152622.732882231,139260.870302971,130799.320039485,148647.358636455
"822",93000,84843.7880347762,105820.671655738,98239.3384432884,90536.670710917,99665.522131228
"823",250000,237435.63167776,300372.53638238,240888.881658219,271715.135792782,249561.225080126
"824",392500,321608.360284424,227964.796339432,255871.887860634,298440.786716883,338203.389749144
"825",745000,548114.16733669,487424.13235362,568861.553781268,711047.698775231,608583.619165903
"826",120000,122292.279061712,120557.266735349,124587.001233455,130739.725000532,126932.804264192
"827",186700,208132.43036679,227587.031330681,200648.939858257,195922.247263461,186696.919288487
"828",104900,108491.092874777,105799.036310831,121065.864685244,121444.993251604,109541.309905738
"829",262000,306216.148594553,278888.051389226,267134.286815969,274014.152903055,265546.166465987
"830",195000,183622.637972502,214145.913153472,195356.571109438,182298.59699162,192452.797918438
"831",189000,191987.787341795,205583.611273172,201523.644405995,195271.287639258,191504.772222793
"832",168000,183746.815913272,200028.326579739,169191.678441998,173095.041072752,167861.114640791
"833",174000,181316.248877112,162169.387622728,178797.44282928,169515.767641884,178551.462958341
"834",125000,133621.819074527,125326.382521087,121687.113954961,129416.683998959,125917.405737675
"835",165000,159314.626719605,146564.731764841,155742.471175829,161078.682234735,163278.511846395
"836",158000,149364.817987126,146508.681400177,149527.369030657,143953.428243876,149567.331424558
"837",176000,166181.040973963,179857.115428792,169353.410341742,159536.523373643,173884.838455483
"838",219210,243000.217662956,220362.022011678,227655.156069908,232595.659816903,221418.83423152
"839",178000,174363.166811533,186313.041855686,185620.19353398,168849.927310185,180742.000726545
"840",148000,144201.83139479,154201.809292643,125780.48651031,136867.264829697,146726.903776438
"841",116050,86388.6501268402,117534.002281227,94481.5163528258,95779.026954368,113623.181925423
"842",197900,198420.858858134,224856.283707259,198218.452256459,189201.981932719,202229.000508911
"843",153500,138578.820192239,140107.531753011,140627.649416532,149022.379846378,152447.554529913
"844",271900,255089.790127689,251299.561814269,269327.162374553,289748.890784617,270863.930487641
"845",107000,103834.447805462,135141.897683295,110715.500611233,116606.715917167,115072.578665687
"846",140000,149189.557701112,151118.16757037,152391.861278466,150236.813159713,139394.902956623
"847",290000,295098.312758598,231126.621592632,272254.387100849,278664.870089163,282581.57804776
"848",164000,184857.862859316,194181.942600614,207818.140347075,200298.425496889,181825.005111803
"849",113000,96430.0748074946,76487.5592967856,99661.2621253722,98098.2642669118,104490.129156425
"850",145000,138385.409803253,121579.708154992,129119.791803036,137895.289173823,134634.985171267
"851",134500,124341.721989185,120634.66832472,123080.212886767,124551.205654556,133700.656177067
"852",125000,106034.215329787,119030.006602341,108154.569724387,113489.464050034,122846.820970501
"853",112000,132327.446757092,166709.414822938,150742.531587681,121794.57661725,120338.961031206
"854",229456,242170.526643412,214552.501717592,238644.372106323,239119.194902996,228062.328147757
"855",80500,75177.1366404243,108323.134450095,81247.1299828267,68841.2475815068,79311.4287842961
"856",91500,102759.480282743,85581.7161347571,86809.8925435035,87037.2329277279,93606.5331348062
"857",115000,106317.378994038,117289.933794592,101409.659594816,107140.310132386,116040.006999259
"858",134000,126080.698715042,140961.324414645,124432.150311239,131206.718206431,134103.230770937
"859",184000,201526.310033563,181120.683065176,200359.527739662,205279.180855401,184982.040499859
"860",145000,148995.066582249,126464.571017987,146248.202499535,140733.059249431,142012.714030275
"861",214000,227816.157766098,257488.450058975,225547.89204544,225134.846384434,214774.896173201
"862",367294,347065.688974554,292410.396768455,316876.401058227,361860.082074962,360065.109536703
"863",127000,124703.575388826,164518.291702342,134204.188616287,122829.87963363,134249.284507888
"864",190000,203536.674475506,212861.434674943,186482.327847996,197171.231906135,185687.420437594
"865",101800,88533.5162206983,109245.607918434,109985.192993953,106206.635473566,103522.597478934
"866",142000,134870.618441614,143178.505808537,122704.391756437,136034.562457792,143586.435601546
"867",130000,124673.08142309,133025.735497304,99507.0075332081,112468.572068423,128775.068275057
"868",138887,151234.521683988,175564.039618038,134130.833343108,135454.131165136,143579.214302426
"869",195000,215123.375552448,231826.585437493,218900.673225191,215894.201131465,204558.344589029
"870",142500,144982.950620405,170814.901328167,138212.120330406,140318.021002158,145022.1353063
"871",265900,244677.038240124,229692.853434129,230946.233645415,227870.329307938,248442.946577366
"872",224900,209121.409701733,222874.975452499,211560.147078639,210306.154101878,218166.511277225
"873",230000,206231.809209788,180896.820665526,204728.015493464,191746.918772447,209376.198372198
"874",178000,216246.893242681,212302.61271167,201331.752169183,181711.596348282,181584.59722202
"875",186500,207513.163484863,232338.049945333,207796.547481014,197166.573920187,189902.047999332
"876",169900,146705.935768106,162718.039230059,155675.636631029,149889.204609011,159500.580027251
"877",129500,155852.205677515,165300.567857111,122295.797003108,130420.614356501,137980.9173176
"878",119000,123219.433781375,110398.326864046,122241.144145635,119062.759655158,121271.765208199
"879",244000,273131.373802843,217790.442125842,227671.317750502,237224.542604723,235489.372990345
"880",171750,185422.890300725,247960.110488779,208436.532654449,196329.297778613,180299.486418759
"881",130000,111947.368183916,119901.820678387,127279.265813441,125610.114220476,127403.660412173
"882",165400,191355.177942276,198100.571720261,187502.95908132,181574.508333233,170629.712776504
"883",127500,134405.499752321,149948.827503244,141642.340746849,139550.358499765,129057.338410811
"884",99900,103131.917791377,66693.60349236,104089.390243844,91897.8695844111,96326.2003142471
"885",190000,202410.760076393,165185.845762705,184962.78170818,175348.113331088,184288.77499697
"886",151000,153335.589808788,136934.994018242,178130.526411569,168516.625124657,147223.093550479
"887",181000,147386.124911361,198828.390411073,176975.726034016,197366.661866261,182084.710387937
"888",128900,118914.386031595,124245.113496062,118843.678628973,121348.876160001,130874.748862636
"889",161500,134753.677715614,193910.710974897,161573.443585345,144279.938786435,161000.921761985
"890",180500,178419.218013183,169036.718831871,151891.773045806,163077.804777472,175428.012696474
"891",378500,353809.026045955,274172.07492343,302603.699998234,325235.183525767,369048.193592652
"892",381000,367887.882834586,357338.099754066,431357.973370097,423518.042287958,349291.20943057
"893",185750,184819.277292584,167332.806717471,180433.486528681,173754.334268402,183736.239357066
"894",177000,167908.496341781,140897.704022462,155956.971306207,171415.956286711,164214.631837359
"895",139000,153398.162892306,157987.783223213,150479.666640316,129253.219923299,142040.725956918
"896",137000,143140.659662303,139084.672804128,137050.752660461,132335.430207307,137554.392734346
"897",162000,162985.173147282,161824.496500539,157861.910926487,159278.712615475,165538.153541592
"898",197900,184326.014394526,179621.170792007,173505.706339105,181393.966354789,194167.935735626
"899",68400,79447.8901270181,106241.866476726,82226.347530469,71312.2139999884,78676.8667437031
"900",227000,202658.769625761,212324.244198643,210932.716296439,218271.551201767,221937.936696714
"901",180000,215341.499545414,208451.915568243,218856.938699325,200069.66815915,182466.232179434
"902",150500,159855.975886384,155118.459735568,174655.204391055,157635.982242797,147168.819063836
"903",139000,136537.527671131,136605.792991013,136529.042116352,128811.70849807,139910.814458255
"904",169000,179657.930927894,188210.38323634,196804.670297826,187376.975837338,168934.911148273
"905",143000,151806.995446909,152071.557135678,159434.56098574,150443.836536411,153271.454570031
"906",190000,206749.240482986,194971.678690878,174353.017128146,177012.206670771,179659.893388496
"907",278000,279820.914075084,281550.825111348,261281.001172299,269265.182482613,264317.819876116
"908",281000,314843.886708193,331094.710406982,303469.731855876,276020.338954604,281584.326331815
"909",180500,152956.968060671,141814.864950464,160038.140032442,164863.172032033,169215.459154145
"910",107500,108133.336843732,171284.55474391,105996.330128559,110793.111277695,112567.503333683
"911",162900,193335.828623178,186599.069470814,195362.440404463,185177.076830167,171382.348521854
"912",115000,138162.696498271,113726.759344951,130426.23778929,122646.772683032,116316.66204131
"913",138500,122163.839900567,130399.897859654,130400.783695477,136424.568569001,137949.672013537
"914",160000,444931.416553657,531809.753517565,796966.65465281,164426.18471007,229069.416945363
"915",177500,165346.45632856,179572.506968351,187755.463586857,186537.902717403,172500.404394918
"916",290000,317203.135311953,342768.442250344,325311.233188162,310683.892697689,297386.334420098
"917",325000,326650.846011953,316125.361691082,316607.700650526,312564.965389958,316149.89666294
"918",138000,128973.815500553,157819.527013325,145380.544872658,145942.708641951,139904.889581216
"919",147000,150743.739338634,128256.822247289,127558.552386905,144748.323182799,142253.388131891
"920",335000,295020.792516401,243030.166455958,279823.913385991,303951.329756758,295153.077702292
"921",119000,114643.092568395,105753.394868202,113894.380833427,115516.448554967,119137.212809917
"922",275000,272870.92303585,234605.67293122,251477.415419874,261805.324663426,274881.824301611
"923",111000,82965.6026451375,104275.785896512,96463.787773087,104250.754609533,112849.434473967
"924",156500,181086.494676422,159097.377825403,165730.39288302,160872.850650095,157550.215454171
"925",72500,77354.1790877441,106535.848404634,81239.1695967262,78815.2786621756,76815.9978817232
"926",190000,257743.79678843,283926.101207141,237934.123161799,222752.261231105,202833.157767785
"927",55000,70729.8934843281,60979.1699712413,68082.8052213315,63766.3163627553,63715.5223680083
"928",79000,55416.8608759355,61789.1839592627,79424.722295621,86226.7944207591,85304.7253431151
"929",130500,138426.510227174,124212.563752207,146879.514119601,137093.87219399,132038.090408771
"930",256000,244135.104889786,232508.867703975,248541.409093174,229839.752171856,216985.003591033
"931",227000,235672.22611299,243064.623374645,252172.987172665,245444.481123239,236230.375104899
"932",125500,123850.898290824,125180.729747452,111815.993006166,123279.061535436,123919.973311107
"933",167900,173841.02850547,172129.223370853,158226.711937531,168880.130753398,170962.911592118
"934",135000,118233.631387904,142226.499215071,142758.334853004,136170.541958861,141700.823914701
"935",52500,23532.3948782959,71842.1913157961,63629.0942806248,61176.9394009597,61053.7929129828
"936",200000,219824.145954096,226694.439893837,214538.848236524,227821.341186936,207458.829597024
"937",128500,118671.122118761,124403.916317648,123796.542571231,127403.914505656,126837.60341774
"938",155835,197783.308274626,197158.893738122,195195.793866066,193100.995079122,166900.407762675
"939",108500,83828.7167578172,88979.7535017162,83288.4779964251,84287.0989874995,106518.284924186
"940",283463,321806.676223945,260089.329170795,284770.836376563,274904.214702951,293455.061571662
"941",215000,199852.496761847,200866.410360429,215226.9455408,225445.163103596,220291.000468252
"942",122000,175647.026557144,143186.441150987,120625.793278774,118445.126971864,136066.58218243
"943",200000,218233.620074044,228093.38898242,209590.625591211,185500.330964254,178472.275985757
"944",171000,173152.64322306,177857.897887263,171593.994428664,176939.717965911,169196.714355373
"945",134900,152476.876903936,147453.430430539,161820.273049866,144676.603664255,130338.703390034
"946",410000,389156.88091584,385570.669007064,409848.316782176,397592.893407847,385076.580418778
"947",235000,225161.106406753,243874.383267687,236837.169502355,235553.082658171,237303.268645728
"948",170000,200113.65596569,203268.654594652,196608.158776828,181037.529625356,177949.807775125
"949",110000,100289.451024387,116090.845597878,111397.758764012,115338.411257592,114959.33726436
"950",149900,164102.706016908,141940.212587364,147523.679114882,155919.554793716,151519.835453574
"951",177500,161280.085471961,170208.528054957,151258.673088106,173382.434536718,175022.866810611
"952",315000,348058.148720829,331232.142363308,342518.451216991,369995.829553917,338416.491628919
"953",104900,90857.8449413145,152194.156172778,114293.767613523,113536.067808621,115909.087066219
"954",156932,178405.47582577,183274.077049223,173866.709456392,172395.614820389,164274.676041703
"955",144152,148707.503034848,173401.65559986,154093.543894716,140797.947460316,148475.539375089
"956",193000,200190.147242137,226053.179768404,190000.606792518,194650.207343951,203684.472715691
"957",127000,121319.290029761,141751.352800212,120577.464544563,125862.424529773,130788.255070241
"958",144000,131640.68932727,121916.306888531,139336.162966982,139663.968133967,141355.539570799
"959",232000,240901.447413212,213597.496179213,243359.266639771,260570.969704568,235205.885187467
"960",165500,178316.887841519,163727.810370909,170655.23318727,179545.362134908,164751.899928863
"961",274300,247126.77027146,245551.367188458,252601.927604485,252826.559192574,254231.42105708
"962",466500,463671.65369769,353673.544115525,447391.93484768,491612.927064928,439202.739917487
"963",250000,240597.634267267,270323.52130374,245485.696873743,246238.20013499,247553.175098966
"964",91000,89010.6659961303,73632.1448627141,96763.5222256026,83164.2623907091,95764.3502790488
"965",83000,87822.9715899617,86595.7038483602,95342.1881094114,96525.8097927033,90344.0323755722
"966",167500,163436.484027241,217474.64328368,165152.687435197,154362.724013286,163930.778222121
"967",58500,44104.5888729293,68137.024750892,70223.5838252305,68014.290682054,69506.2614566292
"968",237500,250912.202339863,223233.954021936,214120.905396907,237600.372720894,215082.522808215
"969",157000,163922.311300509,153833.577330647,158310.23180049,149824.991817844,152410.27717641
"970",112000,160492.042500518,133885.656159954,136490.833563191,138811.524168431,123590.478083089
"971",105000,112866.452922605,116002.147859424,113004.797248152,107959.260202282,108013.253311667
"972",125500,119504.803353071,94001.5524779223,115325.768725626,134904.380386088,120893.815662329
"973",377500,361088.519389161,220743.029864195,292841.800125876,310483.74866982,347739.07894534
"974",131000,140434.445064229,140335.083058303,141087.538033453,135421.309476063,131645.674711652
"975",235000,214875.562272935,207255.280736244,211968.089763764,225684.144381465,229246.733481943
"976",123000,114610.046034517,116235.057829098,125990.715453583,125043.176126448,123259.374247484
"977",163000,156750.832563897,151321.801399986,136801.95273741,140771.026522898,156041.891368367
"978",281213,285088.022163691,303801.725088886,292534.275252354,292076.307817891,284051.298368221
"979",160000,143163.692144854,201656.543346006,164524.528050303,180974.587265115,164738.717893911
"980",138000,126267.504348363,174128.412156532,138108.400432691,134344.646023888,137995.000691445
"981",193000,193959.390221341,189188.257430487,191382.812127525,190629.631985856,189390.5744215
"982",282922,267007.302535155,233570.370431132,260628.583636894,250566.981111348,263951.595980962
"983",133000,126148.825027448,122301.925529926,143554.596340425,134789.64077505,132804.684724746
"984",112000,111664.640789474,115356.58513965,115778.713650685,112079.765449879,113238.578238367
"985",125500,108797.20127607,119719.403176423,115064.602632098,116089.493699073,119721.882651514
"986",230000,203937.878991295,234948.989241364,212304.708269747,223618.247164148,225373.627555263
"987",207000,182728.135552969,166654.611219299,177930.768483486,191618.409170559,188287.5493485
"988",122500,141347.441118805,151212.119969248,127872.616552206,122508.191716237,122032.908137551
"989",340000,326069.603896355,352565.498460124,319463.652946137,319863.977818803,328114.272784039
"990",124000,128086.470337556,133697.191490276,126577.128839318,132198.154211169,129296.525075716
"991",223000,230238.303321237,244430.429513252,222888.415590366,235296.469694317,220544.686017674
"992",179900,168146.677895679,176441.311024014,166004.042129198,163646.277331891,178010.180216022
"993",136500,136714.150551659,124164.0333522,142770.125799493,139605.293813683,138022.13809617
"994",274970,251050.128037331,212072.799588427,201803.858572206,224269.227056546,230481.888847106
"995",142000,151782.14667884,145518.200881889,144855.095710194,140070.037736065,145529.624884261
"996",140000,122479.963423523,149577.956345501,142692.44852257,141937.198465205,139215.325320517
"997",119000,121167.227122453,90427.8350435358,107812.496019098,104976.214683056,119251.303747344
"998",182900,193266.171330274,172954.230728076,184100.057742007,194122.434342365,184573.861737247
"999",192140,147097.630204438,209019.932455371,175739.787547212,192467.39578759,190764.020445799
"1000",143750,123905.001874406,134922.694980834,136964.206413572,139729.086651619,141547.932364827
"1001",64500,102695.796872155,95376.1813945835,97478.0717178555,102949.827724595,78895.1295025264
"1002",186500,186892.839114289,203558.335743251,192047.557827606,188778.045845837,184864.533774037
"1003",160000,171177.849514444,159000.380783252,157384.803502145,157914.735000361,160417.2487238
"1004",174000,186936.932379441,165594.832427531,182136.758508184,172487.207798629,173417.059962
"1005",120500,107282.979247442,129678.460355682,118659.993546521,121112.954927378,118621.854315407
"1006",394617,373160.361329106,332892.063590281,330994.786304513,345291.613336663,376537.017031709
"1007",149700,146163.176831448,161151.048653578,144325.031141849,150329.759632145,145117.069905437
"1008",197000,187171.51108203,198693.76279253,185760.700978131,184279.820148293,190991.341041136
"1009",191000,239134.766589445,261466.520759261,231048.144290243,216232.909289944,195504.552137779
"1010",149300,133607.888782112,124857.021896058,144336.098893295,140491.76714565,146105.686135769
"1011",310000,363320.052776673,268047.329167717,328998.285314063,319107.139076568,314566.005572
"1012",121000,114766.469095801,96412.1340683025,107364.297717782,111530.676750519,111318.994986168
"1013",179600,185214.942155437,204098.585717399,195420.210417659,186884.487355445,186785.167319354
"1014",157900,145336.368076715,137791.049004228,137778.218791591,149144.838048489,152488.393926568
"1015",240000,237839.133801561,241708.76849254,247890.955690015,262996.620885239,245139.755150824
"1016",145000,119507.280780588,130433.64642348,125492.119988431,137526.285423625,142161.02020409
"1017",84500,116781.911341704,150331.396926399,111627.699503711,119994.451554331,103763.638582854
"1018",185000,205960.205725942,197201.524098949,205106.345668854,194013.201199878,184935.239807232
"1019",175000,170688.089180145,194821.426657804,178194.784815649,177167.022878928,175211.761150071
"1020",142125,135644.890965348,117629.606735042,132522.559613627,134888.364248555,138255.739987758
"1021",147500,146786.057598804,133687.463022696,142638.459941471,150945.942856074,147778.17512773
